P01I01,11/12/15,9/12/15,"42,753,011.55","2,266,931.00",18.85942339,6.03,09/12/2010Ê-Ê09/12/2015,63.7
P01I01,14/12/2015,11/12/15,"42,130,581.12","2,267,679.44",18.57871992,4.45,09/12/2010Ê-Ê11/12/2015,61.26
P01I01,15/12/2015,14/12/2015,"40,860,014.67","2,232,503.06",18.30233312,2.9,15/12/2010Ê-Ê14/12/2015,57.98
P01I01,16/12/2015,15/12/2015,"42,154,040.65","2,229,973.27",18.90338381,6.28,16/12/2010Ê-Ê15/12/2015,63.04
P01I01,17/12/2015,16/12/2015,"42,069,919.45","2,229,992.47",18.86549844,6.07,17/12/2010Ê-Ê16/12/2015,61.91
P01I01,18/12/2015,17/12/2015,"42,308,312.85","2,230,326.14",18.9695633,6.65,17/12/2010Ê-Ê17/12/2015,62.81
P01I01,21/12/2015,18/12/2015,"41,716,268.05","2,230,848.70",18.69972987,5.14,17/12/2010Ê-Ê18/12/2015,60.49
P01I01,22/12/2015,21/12/2015,"41,249,822.42","2,230,848.70",18.490641,3.96,22/12/2010Ê-Ê21/12/2015,57.41
P01I01,23/12/2015,22/12/2015,"41,457,012.74","2,230,848.70",18.58351611,4.48,23/12/2010Ê-Ê22/12/2015,59.01
P01I01,24/12/2015,23/12/2015,"42,618,222.24","2,233,376.19",19.08241994,7.29,24/12/2010Ê-Ê23/12/2015,62.78
P01I01,25/12/2015,24/12/2015,"42,640,424.62","2,226,742.51",19.14923904,7.66,24/12/2010Ê-Ê24/12/2015,63.35
P01I01,28/12/2015,25/12/2015,"42,685,274.76","2,226,742.51",19.16938063,7.78,24/12/2010Ê-Ê25/12/2015,63.52
P01I01,29/12/2015,28/12/2015,"42,192,991.20","2,226,742.51",18.94830273,6.53,29/12/2010Ê-Ê28/12/2015,61.19
P01I01,30/12/2015,29/12/2015,"43,227,617.12","2,236,256.02",19.33035246,8.68,30/12/2010Ê-Ê29/12/2015,65.24
P01I01,31/12/2015,31/12/2015,"42,938,355.83","2,240,802.27",19.16204584,7.73,31/12/2010Ê-Ê31/12/2015,63.8
P01I01,4/1/16,30/12/2015,"42,894,222.97","2,238,501.43",19.16202616,7.73,31/12/2010Ê-Ê30/12/2015,63.8
P01I01,5/1/16,4/1/16,"41,910,632.91","2,240,802.27",18.70340523,-2.39,05/01/2011Ê-Ê04/01/2016,56.94
P01I01,6/1/16,5/1/16,"41,797,685.60","2,235,718.82",18.69541254,-2.44,06/01/2011Ê-Ê05/01/2016,56.95
P01I01,7/1/16,6/1/16,"41,300,801.42","2,240,890.07",18.43053432,-3.82,07/01/2011Ê-Ê06/01/2016,55.65
P01I01,8/1/16,7/1/16,"40,523,580.54","2,240,856.29",18.08397117,-5.63,07/01/2011Ê-Ê07/01/2016,52.73
P01I01,11/1/16,8/1/16,"39,962,982.65","2,240,856.29",17.83379989,-6.93,07/01/2011Ê-Ê08/01/2016,50.62
P01I01,12/1/16,11/1/16,"39,897,363.37","2,246,985.51",17.75595044,-7.34,12/01/2011Ê-Ê11/01/2016,47.85
P01I01,13/01/2016,12/1/16,"40,358,562.41","2,246,985.51",17.96120279,-6.27,13/01/2011Ê-Ê12/01/2016,50.59
P01I01,14/01/2016,13/01/2016,"40,104,974.79","2,246,985.51",17.84834597,-6.86,14/01/2011Ê-Ê13/01/2016,46.76
P01I01,15/01/2016,14/01/2016,"39,876,829.26","2,247,103.57",17.74587953,-7.39,14/01/2011Ê-Ê14/01/2016,45.92
P01I01,18/01/2016,15/01/2016,"38,980,259.78","2,247,124.49",17.34672907,-9.47,14/01/2011Ê-Ê15/01/2016,42.64
P01I01,19/01/2016,18/01/2016,"39,062,878.44","2,247,124.49",17.38349546,-9.28,19/01/2011Ê-Ê18/01/2016,43.16
P01I01,20/01/2016,19/01/2016,"39,207,640.68","2,247,124.49",17.44791657,-8.95,20/01/2011Ê-Ê19/01/2016,44.87
P01I01,21/01/2016,20/01/2016,"38,308,893.55","2,247,124.49",17.04796225,-11.03,21/01/2011Ê-Ê20/01/2016,40.14
P01I01,22/01/2016,21/01/2016,"39,061,441.63","2,247,124.49",17.38285606,-9.28,21/01/2011Ê-Ê21/01/2016,42.9
P01I01,25/01/2016,22/01/2016,"39,710,831.89","2,274,776.49",17.45702581,-8.9,21/01/2011Ê-Ê22/01/2016,43.51
P01I01,26/01/2016,25/01/2016,"39,467,099.21","2,269,626.58",17.38924786,-9.25,26/01/2011Ê-Ê25/01/2016,40.45
P01I01,27/01/2016,26/01/2016,"39,578,486.08","2,270,750.90",17.42969079,-9.04,27/01/2011Ê-Ê26/01/2016,41.21
P01I01,28/01/2016,27/01/2016,"39,796,127.57","2,280,059.30",17.45398795,-8.91,28/01/2011Ê-Ê27/01/2016,40.74
P01I01,29/01/2016,28/01/2016,"39,258,823.36","2,283,978.28",17.18879016,-10.3,28/01/2011Ê-Ê28/01/2016,38.6
P01I01,31/01/2016,31/01/2016,"40,345,410.57","2,288,885.91",17.62665865,-8.01,01/02/2011Ê-Ê31/01/2016,41.76
P01I01,1/2/16,29/01/2016,"40,279,295.58","2,285,138.80",17.62662978,-8.01,28/01/2011Ê-Ê29/01/2016,42.13
P01I01,2/2/16,1/2/16,"40,085,564.12","2,288,885.91",17.51313335,-8.61,02/02/2011Ê-Ê01/02/2016,39.74
P01I01,3/2/16,2/2/16,"39,962,977.54","2,292,074.92",17.43528417,-9.01,03/02/2011Ê-Ê02/02/2016,38.36
P01I01,4/2/16,3/2/16,"39,007,200.09","2,291,373.61",17.0235006,-11.16,04/02/2011Ê-Ê03/02/2016,36.19
P01I01,5/2/16,4/2/16,"39,588,434.58","2,290,162.36",17.28630042,-9.79,04/02/2011Ê-Ê04/02/2016,38.3
P01I01,8/2/16,5/2/16,"39,273,229.96","2,290,162.36",17.14866623,-10.51,04/02/2011Ê-Ê05/02/2016,37.19
P01I01,9/2/16,8/2/16,"38,083,433.47","2,290,162.36",16.62914128,-13.22,09/02/2011Ê-Ê08/02/2016,33.34
P01I01,10/2/16,9/2/16,"37,612,640.34","2,290,162.36",16.42356934,-14.29,10/02/2011Ê-Ê09/02/2016,31.1
P01I01,11/2/16,10/2/16,"38,341,162.38","2,290,162.36",16.74167868,-12.63,11/02/2011Ê-Ê10/02/2016,33.06
P01I01,12/2/16,11/2/16,"36,961,730.58","2,290,162.36",16.13934942,-15.77,11/02/2011Ê-Ê11/02/2016,28.27
P01I01,15/02/2016,12/2/16,"38,503,344.57","2,290,010.13",16.81361319,-12.26,11/02/2011Ê-Ê12/02/2016,33.63
P01I01,16/02/2016,15/02/2016,"39,183,131.90","2,290,010.13",17.11046224,-10.71,16/02/2011Ê-Ê15/02/2016,35.61
P01I01,17/02/2016,16/02/2016,"39,052,209.30","2,290,361.23",17.05067688,-11.02,17/02/2011Ê-Ê16/02/2016,35.48
P01I01,18/02/2016,17/02/2016,"39,935,542.18","2,289,535.62",17.4426385,-8.97,17/02/2011Ê-Ê17/02/2016,38.6
P01I01,19/02/2016,18/02/2016,"39,891,573.62","2,289,553.78",17.42329618,-9.07,17/02/2011Ê-Ê18/02/2016,38.44
P01I01,23/02/2016,19/02/2016,"39,678,041.94","2,288,594.75",17.3372948,-9.52,17/02/2011Ê-Ê19/02/2016,37.76
P01I01,24/02/2016,23/02/2016,"38,340,496.55","2,202,409.45",17.40843264,-9.15,24/02/2011Ê-Ê23/02/2016,40.74
P01I01,25/02/2016,24/02/2016,"37,451,523.98","2,200,113.03",17.02254542,-11.17,25/02/2011Ê-Ê24/02/2016,35.82
P01I01,26/02/2016,25/02/2016,"38,267,221.95","2,200,261.13",17.39212743,-9.24,25/02/2011Ê-Ê25/02/2016,38.77
P01I01,29/02/2016,26/02/2016,"39,025,178.86","2,200,261.13",17.73661241,-7.44,25/02/2011Ê-Ê26/02/2016,41.51
P01I01,1/3/16,29/02/2016,"38,968,941.00","2,204,182.43",17.67954431,-7.74,01/03/2011Ê-Ê29/02/2016,41.07
P01I01,2/3/16,1/3/16,"39,231,973.84","2,212,917.70",17.72861856,-7.48,02/03/2011Ê-Ê01/03/2016,43.43
P01I01,3/3/16,2/3/16,"37,715,537.09","2,112,429.75",17.85410237,-6.83,03/03/2011Ê-Ê02/03/2016,43.17
P01I01,4/3/16,3/3/16,"37,483,375.11","2,113,409.89",17.7359703,-7.44,04/03/2011Ê-Ê03/03/2016,41.78
P01I01,7/3/16,4/3/16,"37,900,265.51","2,113,409.89",17.9332299,-6.41,04/03/2011Ê-Ê04/03/2016,43.36
P01I01,8/3/16,7/3/16,"37,879,573.87","2,113,461.78",17.92299927,-6.47,08/03/2011Ê-Ê07/03/2016,43.99
P01I02,11/12/15,9/12/15,"20,922,197.45","1,859,453.52",11.25179913,-9.18,09/12/2010Ê-Ê09/12/2015,-12.83
P01I02,14/12/2015,11/12/15,"20,271,982.42","1,859,453.52",10.90211842,-12,09/12/2010Ê-Ê11/12/2015,-15.54
P01I02,15/12/2015,14/12/2015,"20,545,416.44","1,851,985.49",11.09372431,-10.46,15/12/2010Ê-Ê14/12/2015,-13.73
P01I02,16/12/2015,15/12/2015,"20,782,723.29","1,851,985.49",11.22186077,-9.42,16/12/2010Ê-Ê15/12/2015,-13.03
P01I02,17/12/2015,16/12/2015,"21,237,626.13","1,851,985.76",11.46748889,-7.44,17/12/2010Ê-Ê16/12/2015,-11.35
P01I02,18/12/2015,17/12/2015,"20,963,355.62","1,851,985.76",11.31939352,-8.64,17/12/2010Ê-Ê17/12/2015,-12.49
P01I02,21/12/2015,18/12/2015,"20,945,120.23","1,851,985.76",11.30954712,-8.71,17/12/2010Ê-Ê18/12/2015,-12.57
P01I02,22/12/2015,21/12/2015,"21,088,539.42","1,851,985.76",11.38698789,-8.09,22/12/2010Ê-Ê21/12/2015,-13.17
P01I02,23/12/2015,22/12/2015,"21,210,026.76","1,851,985.76",11.45258631,-7.56,23/12/2010Ê-Ê22/12/2015,-12.55
P01I02,24/12/2015,23/12/2015,"21,496,570.14","1,852,002.82",11.60720162,-6.31,24/12/2010Ê-Ê23/12/2015,-11.36
P01I02,25/12/2015,24/12/2015,"21,426,831.38","1,852,002.82",11.56954576,-6.62,24/12/2010Ê-Ê24/12/2015,-11.64
P01I02,28/12/2015,25/12/2015,"21,405,768.75","1,851,736.94",11.55983243,-6.69,24/12/2010Ê-Ê25/12/2015,-11.72
P01I02,29/12/2015,28/12/2015,"21,248,324.69","1,851,736.94",11.47480736,-7.38,29/12/2010Ê-Ê28/12/2015,-13.27
P01I02,30/12/2015,29/12/2015,"21,299,994.62","1,854,669.90",11.48452057,-7.3,30/12/2010Ê-Ê29/12/2015,-13.58
P01I02,31/12/2015,31/12/2015,"20,951,971.08","1,856,718.83",11.28440708,-8.92,31/12/2010Ê-Ê31/12/2015,-15.09
P01I02,4/1/16,30/12/2015,"20,936,696.41","1,855,366.58",11.28439883,-8.92,31/12/2010Ê-Ê30/12/2015,-15.09
P01I02,5/1/16,4/1/16,"20,419,553.55","1,856,718.83",10.99765524,-2.54,05/01/2011Ê-Ê04/01/2016,-18.67
P01I02,6/1/16,5/1/16,"20,440,800.26","1,856,718.83",11.00909839,-2.44,06/01/2011Ê-Ê05/01/2016,-17.9
P01I02,7/1/16,6/1/16,"20,113,206.13","1,856,718.83",10.83266127,-4,07/01/2011Ê-Ê06/01/2016,-18.79
P01I02,8/1/16,7/1/16,"19,542,510.46","1,856,718.83",10.52529342,-6.73,07/01/2011Ê-Ê07/01/2016,-21.1
P01I02,11/1/16,8/1/16,"19,361,666.65","1,856,718.83",10.42789375,-7.59,07/01/2011Ê-Ê08/01/2016,-21.83
P01I02,12/1/16,11/1/16,"19,330,256.19","1,856,478.23",10.41232582,-7.73,12/01/2011Ê-Ê11/01/2016,-23.67
P01I02,13/01/2016,12/1/16,"19,414,243.84","1,856,478.23",10.45756613,-7.33,13/01/2011Ê-Ê12/01/2016,-22.8
P01I02,14/01/2016,13/01/2016,"19,167,468.49","1,856,478.23",10.32463952,-8.51,14/01/2011Ê-Ê13/01/2016,-24.02
P01I02,15/01/2016,14/01/2016,"19,757,947.09","1,887,951.96",10.46528063,-7.26,14/01/2011Ê-Ê14/01/2016,-22.98
P01I02,18/01/2016,15/01/2016,"19,027,933.35","1,887,951.96",10.07861097,-10.69,14/01/2011Ê-Ê15/01/2016,-25.83
P01I02,19/01/2016,18/01/2016,"19,000,802.70","1,887,951.96",10.06424056,-10.81,19/01/2011Ê-Ê18/01/2016,-25.28
P01I02,20/01/2016,19/01/2016,"19,266,081.05","1,887,951.96",10.20475173,-9.57,20/01/2011Ê-Ê19/01/2016,-23.62
P01I02,21/01/2016,20/01/2016,"18,868,917.23","1,887,951.96",9.994384186,-11.43,21/01/2011Ê-Ê20/01/2016,-24.68
P01I02,22/01/2016,21/01/2016,"18,920,069.37","1,887,541.51",10.02365736,-11.17,21/01/2011Ê-Ê21/01/2016,-24.46
P01I02,25/01/2016,22/01/2016,"19,722,302.80","1,917,606.70",10.28485288,-8.86,21/01/2011Ê-Ê22/01/2016,-22.49
P01I02,26/01/2016,25/01/2016,"19,396,980.79","1,917,606.99",10.11520133,-10.36,26/01/2011Ê-Ê25/01/2016,-25.01
P01I02,27/01/2016,26/01/2016,"19,642,029.89","1,917,641.51",10.24280594,-9.23,27/01/2011Ê-Ê26/01/2016,-23.81
P01I02,28/01/2016,27/01/2016,"19,542,706.55","1,922,051.94",10.16762668,-9.9,28/01/2011Ê-Ê27/01/2016,-22.49
P01I02,29/01/2016,28/01/2016,"19,851,712.36","1,923,296.80",10.32171026,-8.53,28/01/2011Ê-Ê28/01/2016,-21.32
P01I02,31/01/2016,31/01/2016,"20,461,420.72","1,928,199.32",10.61167302,-5.96,01/02/2011Ê-Ê31/01/2016,-21.41
P01I02,1/2/16,29/01/2016,"20,413,649.58","1,923,702.06",10.61164824,-5.96,28/01/2011Ê-Ê29/01/2016,-19.11
P01I02,2/2/16,1/2/16,"20,218,660.36","1,928,199.32",10.48577298,-7.08,02/02/2011Ê-Ê01/02/2016,-21.58
P01I02,3/2/16,2/2/16,"19,653,877.61","1,931,570.44",10.17507683,-9.83,03/02/2011Ê-Ê02/02/2016,-23.8
P01I02,4/2/16,3/2/16,"20,254,119.20","1,931,507.51",10.48617161,-7.07,04/02/2011Ê-Ê03/02/2016,-21.3
P01I02,5/2/16,4/2/16,"20,279,987.65","1,930,813.88",10.50333637,-6.92,04/02/2011Ê-Ê04/02/2016,-21.17
P01I02,8/2/16,5/2/16,"20,000,207.80","1,930,813.88",10.35843383,-8.21,04/02/2011Ê-Ê05/02/2016,-22.26
P01I02,9/2/16,8/2/16,"19,736,099.86","1,930,813.88",10.22164802,-9.42,09/02/2011Ê-Ê08/02/2016,-21.46
P01I02,10/2/16,9/2/16,"19,446,043.50","1,930,813.88",10.0714231,-10.75,10/02/2011Ê-Ê09/02/2016,-21.92
P01I02,11/2/16,10/2/16,"19,458,632.41","1,930,813.88",10.0779431,-10.69,11/02/2011Ê-Ê10/02/2016,-23.04
P01I02,12/2/16,11/2/16,"18,763,783.22","1,899,229.30",9.879682882,-12.45,11/02/2011Ê-Ê11/02/2016,-24.55
P01I02,15/02/2016,12/2/16,"19,267,597.02","1,899,170.25",10.14527109,-10.09,11/02/2011Ê-Ê12/02/2016,-22.53
P01I02,16/02/2016,15/02/2016,"19,282,001.45","1,899,170.25",10.15285568,-10.03,16/02/2011Ê-Ê15/02/2016,-22.42
P01I02,17/02/2016,16/02/2016,"19,699,973.85","1,899,170.25",10.37293726,-8.08,17/02/2011Ê-Ê16/02/2016,-20.92
P01I02,18/02/2016,17/02/2016,"20,084,589.32","1,899,170.25",10.5754549,-6.28,17/02/2011Ê-Ê17/02/2016,-19.37
P01I02,19/02/2016,18/02/2016,"19,940,804.35","1,899,194.66",10.4996106,-6.95,17/02/2011Ê-Ê18/02/2016,-19.95
P01I02,23/02/2016,19/02/2016,"19,921,892.50","1,899,198.58",10.4896311,-7.04,17/02/2011Ê-Ê19/02/2016,-20.03
P01I02,24/02/2016,23/02/2016,"18,660,502.74","1,772,494.83",10.52781785,-6.7,24/02/2011Ê-Ê23/02/2016,-17.89
P01I02,25/02/2016,24/02/2016,"18,602,248.19","1,772,494.83",10.494952,-7,25/02/2011Ê-Ê24/02/2016,-19.06
P01I02,26/02/2016,25/02/2016,"18,646,587.73","1,772,494.83",10.51996733,-6.77,25/02/2011Ê-Ê25/02/2016,-18.87
P01I02,29/02/2016,26/02/2016,"18,459,795.76","1,772,494.83",10.41458368,-7.71,25/02/2011Ê-Ê26/02/2016,-19.68
P01I02,1/3/16,29/02/2016,"18,656,692.19","1,776,466.25",10.50213712,-6.93,01/03/2011Ê-Ê29/02/2016,-18.56
P01I02,2/3/16,1/3/16,"19,337,048.92","1,781,546.38",10.85408111,-3.81,02/03/2011Ê-Ê01/03/2016,-16.83
P01I02,3/3/16,2/3/16,"17,754,699.29","1,615,796.93",10.98819966,-2.62,03/03/2011Ê-Ê02/03/2016,-17.35
P01I02,4/3/16,3/3/16,"17,915,274.43","1,616,046.48",11.08586584,-1.76,04/03/2011Ê-Ê03/03/2016,-16.62
P01I02,7/3/16,4/3/16,"18,226,210.08","1,616,046.48",11.27827098,-0.05,04/03/2011Ê-Ê04/03/2016,-15.17
P01I02,8/3/16,7/3/16,"18,197,704.92","1,616,112.11",11.26017483,-0.21,08/03/2011Ê-Ê07/03/2016,-14.85
P01I03,11/12/15,11/12/15,"52,684,158.00","6,437,167.24",8.184369931,-7.72,09/12/2010Ê-Ê11/12/2015,3.85
P01I03,14/12/2015,14/12/2015,"53,060,969.98","6,407,141.51",8.281535519,-6.63,15/12/2010Ê-Ê14/12/2015,5.26
P01I03,15/12/2015,15/12/2015,"52,315,889.60","6,407,141.51",8.165246472,-7.94,16/12/2010Ê-Ê15/12/2015,5.16
P01I03,16/12/2015,16/12/2015,"52,744,172.88","6,407,141.51",8.232091145,-7.19,17/12/2010Ê-Ê16/12/2015,4.67
P01I03,17/12/2015,17/12/2015,"54,639,436.69","6,407,141.51",8.527896038,-3.85,17/12/2010Ê-Ê17/12/2015,8.43
P01I03,18/12/2015,18/12/2015,"54,755,338.08","6,407,141.51",8.545985445,-3.65,17/12/2010Ê-Ê18/12/2015,8.66
P01I03,21/12/2015,21/12/2015,"56,204,657.52","6,407,141.51",8.772189196,-1.1,22/12/2010Ê-Ê21/12/2015,11.51
P01I03,22/12/2015,22/12/2015,"56,025,838.23","6,407,141.51",8.744279825,-1.41,23/12/2010Ê-Ê22/12/2015,12.12
P01I03,23/12/2015,23/12/2015,"56,236,493.84","6,407,247.39",8.777013038,-1.04,24/12/2010Ê-Ê23/12/2015,12.69
P01I03,24/12/2015,24/12/2015,"55,831,925.93","6,407,436.24",8.713613972,-1.76,24/12/2010Ê-Ê24/12/2015,11.88
P01I03,25/12/2015,25/12/2015,"55,842,964.69","6,407,436.24",8.715336777,-1.74,24/12/2010Ê-Ê25/12/2015,11.9
P01I03,28/12/2015,28/12/2015,"54,432,213.09","6,407,436.24",8.495162662,-4.22,29/12/2010Ê-Ê28/12/2015,10.01
P01I03,29/12/2015,29/12/2015,"54,865,966.71","6,414,397.11",8.553565643,-3.56,30/12/2010Ê-Ê29/12/2015,10.61
P01I03,30/12/2015,30/12/2015,"53,861,064.69","6,415,403.57",8.395584796,-5.34,31/12/2010Ê-Ê30/12/2015,8.56
P01I03,31/12/2015,31/12/2015,"53,863,259.92","6,415,665.04",8.395584799,-5.34,31/12/2010Ê-Ê31/12/2015,8.56
P01I03,4/1/16,4/1/16,"50,686,652.81","6,415,665.04",7.900451856,-5.9,05/01/2011Ê-Ê04/01/2016,-2.57
P01I03,5/1/16,5/1/16,"51,300,172.49","6,414,569.79",7.99744553,-4.74,06/01/2011Ê-Ê05/01/2016,-1.54
P01I03,6/1/16,6/1/16,"51,210,818.22","6,415,005.00",7.982974011,-4.91,07/01/2011Ê-Ê06/01/2016,-2.17
P01I03,7/1/16,7/1/16,"47,848,867.94","6,415,005.00",7.458897993,-11.16,07/01/2011Ê-Ê07/01/2016,-8.59
P01I03,8/1/16,8/1/16,"49,135,553.32","6,415,471.67",7.658915176,-8.77,07/01/2011Ê-Ê08/01/2016,-6.14
P01I03,11/1/16,11/1/16,"46,885,182.22","6,415,008.97",7.308669787,-12.95,12/01/2011Ê-Ê11/01/2016,-10.18
P01I03,12/1/16,12/1/16,"47,044,218.43","6,411,529.71",7.337440602,-12.6,13/01/2011Ê-Ê12/01/2016,-9.93
P01I03,13/01/2016,13/01/2016,"46,381,471.13","6,411,529.71",7.234072556,-13.83,14/01/2011Ê-Ê13/01/2016,-11.12
P01I03,14/01/2016,14/01/2016,"46,461,000.82","6,411,529.71",7.246476724,-13.69,14/01/2011Ê-Ê14/01/2016,-10.97
P01I03,15/01/2016,15/01/2016,"45,028,937.71","6,405,639.89",7.029576828,-16.27,14/01/2011Ê-Ê15/01/2016,-13.63
P01I03,18/01/2016,18/01/2016,"44,660,890.59","6,369,987.35",7.011142749,-16.49,19/01/2011Ê-Ê18/01/2016,-12.99
P01I03,19/01/2016,19/01/2016,"46,161,066.82","6,369,987.35",7.24664969,-13.68,20/01/2011Ê-Ê19/01/2016,-8.45
P01I03,20/01/2016,20/01/2016,"44,148,547.10","6,369,692.62",6.931032588,-17.44,21/01/2011Ê-Ê20/01/2016,-11.96
P01I03,21/01/2016,21/01/2016,"43,519,750.75","6,369,692.62",6.832315682,-18.62,21/01/2011Ê-Ê21/01/2016,-13.21
P01I03,22/01/2016,22/01/2016,"44,524,383.40","6,378,731.05",6.980131795,-16.86,21/01/2011Ê-Ê22/01/2016,-11.33
P01I03,25/01/2016,25/01/2016,"44,481,524.65","6,378,731.05",6.973412786,-16.94,26/01/2011Ê-Ê25/01/2016,-11.56
P01I03,26/01/2016,26/01/2016,"41,943,844.86","6,381,200.98",6.573033033,-21.71,27/01/2011Ê-Ê26/01/2016,-17.26
P01I03,27/01/2016,27/01/2016,"42,292,485.92","6,414,068.43",6.593706691,-21.46,28/01/2011Ê-Ê27/01/2016,-17.13
P01I03,28/01/2016,28/01/2016,"41,969,905.44","6,417,460.60",6.5399553,-22.1,28/01/2011Ê-Ê28/01/2016,-17.8
P01I03,29/01/2016,29/01/2016,"43,128,791.47","6,418,480.08",6.719471108,-19.96,28/01/2011Ê-Ê29/01/2016,-15.55
P01I03,31/01/2016,31/01/2016,"43,099,278.81","6,414,087.96",6.719471117,-19.96,01/02/2011Ê-Ê31/01/2016,-14.93
P01I03,1/2/16,1/2/16,"41,702,532.04","6,414,087.96",6.501708782,-22.56,02/02/2011Ê-Ê01/02/2016,-18.13
P01I03,2/2/16,2/2/16,"42,788,643.69","6,423,691.38",6.661067783,-20.66,03/02/2011Ê-Ê02/02/2016,-16.19
P01I03,3/2/16,3/2/16,"42,363,643.08","6,423,853.50",6.594739917,-21.45,04/02/2011Ê-Ê03/02/2016,-16.79
P01I03,4/2/16,4/2/16,"42,701,053.08","6,424,998.94",6.646079399,-20.84,04/02/2011Ê-Ê04/02/2016,-16.14
P01I03,5/2/16,5/2/16,"43,269,999.40","6,424,998.94",6.73463137,-19.78,04/02/2011Ê-Ê05/02/2016,-15.02
P01I03,8/2/16,8/2/16,"43,305,420.27","6,424,998.94",6.740144347,-19.72,09/02/2011Ê-Ê08/02/2016,-13.74
P01I03,9/2/16,9/2/16,"43,221,295.93","6,424,998.94",6.727051062,-19.87,10/02/2011Ê-Ê09/02/2016,-13.8
P01I03,10/2/16,10/2/16,"43,075,185.24","6,424,998.94",6.704310095,-20.14,11/02/2011Ê-Ê10/02/2016,-14.74
P01I03,11/2/16,11/2/16,"41,414,836.11","6,424,998.94",6.445889954,-23.22,11/02/2011Ê-Ê11/02/2016,-18.02
P01I03,12/2/16,12/2/16,"41,570,460.16","6,423,561.25",6.471559708,-22.92,11/02/2011Ê-Ê12/02/2016,-17.7
P01I03,15/02/2016,15/02/2016,"43,300,156.91","6,423,561.25",6.740833509,-19.71,16/02/2011Ê-Ê15/02/2016,-17.42
P01I03,16/02/2016,16/02/2016,"44,824,986.12","6,413,408.13",6.989261438,-16.75,17/02/2011Ê-Ê16/02/2016,-15.06
P01I03,17/02/2016,17/02/2016,"44,553,487.15","6,411,067.50",6.949464677,-17.22,17/02/2011Ê-Ê17/02/2016,-15.55
P01I03,18/02/2016,18/02/2016,"45,268,098.76","6,411,067.50",7.060929985,-15.9,17/02/2011Ê-Ê18/02/2016,-14.19
P01I03,19/02/2016,19/02/2016,"45,158,777.98","6,411,071.01",7.043874247,-16.1,17/02/2011Ê-Ê19/02/2016,-14.4
P01I03,23/02/2016,23/02/2016,"45,247,070.35","6,411,061.41",7.057656679,-15.94,24/02/2011Ê-Ê23/02/2016,-9.01
P01I03,24/02/2016,24/02/2016,"45,066,707.31","6,407,088.90",7.033882007,-16.22,25/02/2011Ê-Ê24/02/2016,-10.84
P01I03,25/02/2016,25/02/2016,"43,041,221.90","6,407,091.43",6.717747415,-19.98,25/02/2011Ê-Ê25/02/2016,-14.84
P01I03,26/02/2016,26/02/2016,"43,879,282.86","6,395,546.45",6.860912235,-18.28,25/02/2011Ê-Ê26/02/2016,-13.03
P01I03,29/02/2016,29/02/2016,"42,965,803.67","6,403,583.70",6.709649734,-20.08,01/03/2011Ê-Ê29/02/2016,-17.8
P01I03,1/3/16,1/3/16,"43,749,262.19","6,412,989.32",6.821976457,-18.74,02/03/2011Ê-Ê01/03/2016,-15.89
P01I03,2/3/16,2/3/16,"41,498,635.76","5,895,060.66",7.039560432,-16.15,03/03/2011Ê-Ê02/03/2016,-14.15
P01I03,3/3/16,3/3/16,"41,411,872.32","5,895,282.46",7.024578147,-16.33,04/03/2011Ê-Ê03/03/2016,-15.24
P01I03,4/3/16,4/3/16,"42,552,732.26","5,883,667.50",7.232348234,-13.86,04/03/2011Ê-Ê04/03/2016,-12.73
P01I03,7/3/16,7/3/16,"42,603,432.78","5,884,091.20",7.240443988,-13.76,08/03/2011Ê-Ê07/03/2016,-12.78
P01I03,8/3/16,8/3/16,"42,886,039.64","5,933,146.25",7.228212116,-13.9,09/03/2011Ê-Ê08/03/2016,-12.7
P01I07,11/12/15,11/12/15,"9,666,221.38","1,425,965.86",6.778718642,-10.14,02/07/2012Ê-Ê11/12/2015,-32.21
P01I07,14/12/2015,14/12/2015,"9,645,283.28","1,425,965.86",6.764035191,-10.34,02/07/2012Ê-Ê14/12/2015,-32.36
P01I07,15/12/2015,15/12/2015,"9,605,213.18","1,425,626.68",6.737537463,-10.69,02/07/2012Ê-Ê15/12/2015,-32.62
P01I07,16/12/2015,16/12/2015,"9,628,410.06","1,425,142.63",6.756102749,-10.44,02/07/2012Ê-Ê16/12/2015,-32.44
P01I07,17/12/2015,17/12/2015,"9,643,683.66","1,425,142.63",6.766819992,-10.3,02/07/2012Ê-Ê17/12/2015,-32.33
P01I07,18/12/2015,18/12/2015,"9,529,432.49","1,425,142.63",6.686651756,-11.36,02/07/2012Ê-Ê18/12/2015,-33.13
P01I07,21/12/2015,21/12/2015,"9,684,601.82","1,425,146.77",6.79551189,-9.92,02/07/2012Ê-Ê21/12/2015,-32.04
P01I07,22/12/2015,22/12/2015,"9,733,188.81","1,425,146.77",6.829604512,-9.47,02/07/2012Ê-Ê22/12/2015,-31.7
P01I07,23/12/2015,23/12/2015,"9,631,140.52","1,418,636.12",6.789014015,-10,02/07/2012Ê-Ê23/12/2015,-32.11
P01I07,24/12/2015,24/12/2015,"9,652,689.29","1,418,636.12",6.804203795,-9.8,02/07/2012Ê-Ê24/12/2015,-31.96
P01I07,25/12/2015,25/12/2015,"9,651,492.14","1,418,636.12",6.803359921,-9.81,02/07/2012Ê-Ê25/12/2015,-31.97
P01I07,28/12/2015,28/12/2015,"9,649,696.10","1,418,636.12",6.802093888,-9.83,02/07/2012Ê-Ê28/12/2015,-31.98
P01I07,29/12/2015,29/12/2015,"9,670,158.23","1,422,456.22",6.79821148,-9.88,02/07/2012Ê-Ê29/12/2015,-32.02
P01I07,30/12/2015,30/12/2015,"9,691,729.26","1,430,512.59",6.775004505,-10.19,02/07/2012Ê-Ê30/12/2015,-32.25
P01I07,31/12/2015,31/12/2015,"9,708,861.00","1,433,041.25",6.775004555,-10.19,02/07/2012Ê-Ê31/12/2015,-32.25
P01I07,4/1/16,4/1/16,"9,745,986.78","1,433,041.25",6.800911541,0.38,02/07/2012Ê-Ê04/01/2016,-31.99
P01I07,5/1/16,5/1/16,"9,769,028.84","1,431,845.53",6.822683494,0.7,02/07/2012Ê-Ê05/01/2016,-31.77
P01I07,6/1/16,6/1/16,"9,848,776.75","1,431,845.53",6.878379383,1.53,02/07/2012Ê-Ê06/01/2016,-31.22
P01I07,7/1/16,7/1/16,"9,936,136.97","1,431,845.53",6.939391705,2.43,02/07/2012Ê-Ê07/01/2016,-30.61
P01I07,8/1/16,8/1/16,"9,983,500.54","1,431,845.53",6.972470392,2.91,02/07/2012Ê-Ê08/01/2016,-30.28
P01I07,11/1/16,11/1/16,"10,151,833.43","1,453,700.89",6.983440335,3.08,02/07/2012Ê-Ê11/01/2016,-30.17
P01I07,12/1/16,12/1/16,"10,110,982.84","1,453,700.89",6.955339238,2.66,02/07/2012Ê-Ê12/01/2016,-30.45
P01I07,13/01/2016,13/01/2016,"9,971,133.99","1,453,700.89",6.859137295,1.24,02/07/2012Ê-Ê13/01/2016,-31.41
P01I07,14/01/2016,14/01/2016,"9,905,444.17","1,431,845.53",6.917955873,2.11,02/07/2012Ê-Ê14/01/2016,-30.82
P01I07,15/01/2016,15/01/2016,"9,839,234.37","1,431,845.53",6.871714991,1.43,02/07/2012Ê-Ê15/01/2016,-31.28
P01I07,18/01/2016,18/01/2016,"9,884,922.77","1,431,847.64",6.903613549,1.9,02/07/2012Ê-Ê18/01/2016,-30.96
P01I07,19/01/2016,19/01/2016,"9,911,384.41","1,431,847.64",6.922094314,2.17,02/07/2012Ê-Ê19/01/2016,-30.78
P01I07,20/01/2016,20/01/2016,"9,963,529.41","1,434,083.54",6.947663185,2.55,02/07/2012Ê-Ê20/01/2016,-30.52
P01I07,21/01/2016,21/01/2016,"10,059,676.81","1,443,259.32",6.970110403,2.88,02/07/2012Ê-Ê21/01/2016,-30.3
P01I07,22/01/2016,22/01/2016,"9,997,908.51","1,441,518.18",6.935679795,2.37,02/07/2012Ê-Ê22/01/2016,-30.64
P01I07,25/01/2016,25/01/2016,"10,115,273.21","1,446,646.96",6.99221959,3.21,02/07/2012Ê-Ê25/01/2016,-30.08
P01I07,26/01/2016,26/01/2016,"10,202,777.10","1,446,452.84",7.053653488,4.11,02/07/2012Ê-Ê26/01/2016,-29.46
P01I07,27/01/2016,27/01/2016,"10,264,866.09","1,451,608.28",7.071374716,4.37,02/07/2012Ê-Ê27/01/2016,-29.29
P01I07,28/01/2016,28/01/2016,"10,285,097.30","1,452,441.33",7.081248045,4.52,02/07/2012Ê-Ê28/01/2016,-29.19
P01I07,29/01/2016,29/01/2016,"10,231,408.30","1,452,771.41",7.042682857,3.95,02/07/2012Ê-Ê29/01/2016,-29.57
P01I07,31/01/2016,31/01/2016,"10,233,897.20","1,453,124.81",7.04268287,3.95,02/07/2012Ê-Ê31/01/2016,-29.57
P01I07,1/2/16,1/2/16,"10,312,500.04","1,453,124.81",7.096775154,4.75,02/07/2012Ê-Ê01/02/2016,-29.03
P01I07,2/2/16,2/2/16,"10,374,351.49","1,456,833.83",7.121163208,5.11,02/07/2012Ê-Ê02/02/2016,-28.79
P01I07,3/2/16,3/2/16,"10,374,425.91","1,455,809.18",7.126226472,5.18,02/07/2012Ê-Ê03/02/2016,-28.74
P01I07,4/2/16,4/2/16,"10,547,078.45","1,456,205.51",7.242850261,6.91,02/07/2012Ê-Ê04/02/2016,-27.57
P01I07,5/2/16,5/2/16,"10,631,132.34","1,456,205.51",7.300571434,7.76,02/07/2012Ê-Ê05/02/2016,-26.99
P01I07,8/2/16,8/2/16,"10,630,763.71","1,456,205.51",7.30031829,7.75,02/07/2012Ê-Ê08/02/2016,-27
P01I07,9/2/16,9/2/16,"10,629,534.85","1,456,205.51",7.299474412,7.74,02/07/2012Ê-Ê09/02/2016,-27.01
P01I07,10/2/16,10/2/16,"10,907,625.42","1,456,205.51",7.490443728,10.56,02/07/2012Ê-Ê10/02/2016,-25.1
P01I07,11/2/16,11/2/16,"11,145,703.77","1,450,391.07",7.68461969,13.43,02/07/2012Ê-Ê11/02/2016,-23.15
P01I07,12/2/16,12/2/16,"11,355,071.41","1,450,525.37",7.828247376,15.55,02/07/2012Ê-Ê12/02/2016,-21.72
P01I07,15/02/2016,15/02/2016,"11,109,359.64","1,452,985.34",7.645885582,12.85,02/07/2012Ê-Ê15/02/2016,-23.54
P01I07,16/02/2016,16/02/2016,"11,045,355.10","1,452,985.34",7.601835213,12.2,02/07/2012Ê-Ê16/02/2016,-23.98
P01I07,17/02/2016,17/02/2016,"10,223,009.95","1,345,345.70",7.598797777,12.16,02/07/2012Ê-Ê17/02/2016,-24.01
P01I07,18/02/2016,18/02/2016,"10,220,311.86","1,340,376.16",7.624957971,12.55,02/07/2012Ê-Ê18/02/2016,-23.75
P01I07,19/02/2016,19/02/2016,"10,333,129.91","1,338,155.63",7.721919418,13.98,02/07/2012Ê-Ê19/02/2016,-22.78
P01I07,23/02/2016,23/02/2016,"10,282,059.05","1,338,695.80",7.680653822,13.37,02/07/2012Ê-Ê23/02/2016,-23.19
P01I07,24/02/2016,24/02/2016,"10,356,742.34","1,338,828.60",7.735674584,14.18,02/07/2012Ê-Ê24/02/2016,-22.64
P01I07,25/02/2016,25/02/2016,"10,468,591.05","1,338,828.60",7.819216802,15.41,02/07/2012Ê-Ê25/02/2016,-21.81
P01I07,26/02/2016,26/02/2016,"10,578,408.21","1,360,508.42",7.775334624,14.77,02/07/2012Ê-Ê26/02/2016,-22.25
P01I07,29/02/2016,29/02/2016,"10,604,982.18","1,360,942.52",7.792380689,15.02,02/07/2012Ê-Ê29/02/2016,-22.08
P01I07,1/3/16,1/3/16,"10,683,751.95","1,365,064.01",7.826557472,15.52,02/07/2012Ê-Ê01/03/2016,-21.73
P01I07,2/3/16,2/3/16,"10,626,122.11","1,369,960.77",7.756515601,14.49,02/07/2012Ê-Ê02/03/2016,-22.43
P01I07,3/3/16,3/3/16,"10,748,164.36","1,370,353.70",7.843350503,15.77,02/07/2012Ê-Ê03/03/2016,-21.57
P01I07,4/3/16,4/3/16,"10,980,712.00","1,370,713.79",8.010944428,18.24,02/07/2012Ê-Ê04/03/2016,-19.89
P01I07,7/3/16,7/3/16,"10,957,332.30","1,370,713.79",7.99388784,17.99,02/07/2012Ê-Ê07/03/2016,-20.06
P01I07,8/3/16,8/3/16,"12,337,419.44","1,533,884.45",8.043252158,18.72,02/07/2012Ê-Ê08/03/2016,-19.57
P01T01,11/12/15,11/12/15,"2,580,741.92","251,202.08",10.27356913,-0.26,20/01/2014Ê-Ê11/12/2015,2.74
P01T01,14/12/2015,14/12/2015,"2,575,687.76","251,202.08",10.25344923,-0.46,20/01/2014Ê-Ê14/12/2015,2.53
P01T01,15/12/2015,15/12/2015,"2,589,915.19","251,202.08",10.31008662,0.09,20/01/2014Ê-Ê15/12/2015,3.1
P01T01,16/12/2015,16/12/2015,"2,590,327.19","251,202.08",10.31172674,0.11,20/01/2014Ê-Ê16/12/2015,3.12
P01T01,17/12/2015,17/12/2015,"2,592,752.03","251,202.08",10.32137968,0.2,20/01/2014Ê-Ê17/12/2015,3.21
P01T01,18/12/2015,18/12/2015,"2,580,103.42","251,202.08",10.27102735,-0.29,20/01/2014Ê-Ê18/12/2015,2.71
P01T01,21/12/2015,21/12/2015,"2,572,327.38","251,202.08",10.24007204,-0.59,20/01/2014Ê-Ê21/12/2015,2.4
P01T01,22/12/2015,22/12/2015,"2,572,121.80","251,202.08",10.23925365,-0.59,20/01/2014Ê-Ê22/12/2015,2.39
P01T01,23/12/2015,23/12/2015,"2,577,931.88","251,202.08",10.26238276,-0.37,20/01/2014Ê-Ê23/12/2015,2.62
P01T01,24/12/2015,24/12/2015,"2,581,706.24","251,202.08",10.27740795,-0.22,20/01/2014Ê-Ê24/12/2015,2.77
P01T01,25/12/2015,25/12/2015,"2,581,660.77","251,202.08",10.27722694,-0.23,20/01/2014Ê-Ê25/12/2015,2.77
P01T01,28/12/2015,28/12/2015,"2,581,409.34","251,202.08",10.27622604,-0.24,20/01/2014Ê-Ê28/12/2015,2.76
P01T01,29/12/2015,29/12/2015,"2,658,185.05","258,627.42",10.27804823,-0.22,20/01/2014Ê-Ê29/12/2015,2.78
P01T01,30/12/2015,30/12/2015,"2,660,846.43","258,627.42",10.28833863,-0.12,20/01/2014Ê-Ê30/12/2015,2.88
P01T01,31/12/2015,31/12/2015,"2,660,846.72","258,627.42",10.28833976,-0.12,20/01/2014Ê-Ê31/12/2015,2.88
P01T01,4/1/16,4/1/16,"2,646,812.34","258,627.42",10.2340749,-0.53,20/01/2014Ê-Ê04/01/2016,2.34
P01T01,5/1/16,5/1/16,"2,640,336.50","258,627.42",10.20903563,-0.77,20/01/2014Ê-Ê05/01/2016,2.09
P01T01,6/1/16,6/1/16,"2,643,963.42","258,627.42",10.22305936,-0.63,20/01/2014Ê-Ê06/01/2016,2.23
P01T01,7/1/16,7/1/16,"2,627,738.09","258,627.42",10.16032305,-1.24,20/01/2014Ê-Ê07/01/2016,1.6
P01T01,8/1/16,8/1/16,"2,639,371.83","258,627.42",10.20530567,-0.81,20/01/2014Ê-Ê08/01/2016,2.05
P01T01,11/1/16,11/1/16,"2,635,039.56","258,627.42",10.18855467,-0.97,20/01/2014Ê-Ê11/01/2016,1.89
P01T01,12/1/16,12/1/16,"2,646,767.49","258,627.42",10.23390148,-0.53,20/01/2014Ê-Ê12/01/2016,2.34
P01T01,13/01/2016,13/01/2016,"2,659,672.90","258,627.42",10.2838011,-0.04,20/01/2014Ê-Ê13/01/2016,2.84
P01T01,14/01/2016,14/01/2016,"2,652,443.50","258,627.42",10.25584815,-0.32,20/01/2014Ê-Ê14/01/2016,2.56
P01T01,15/01/2016,15/01/2016,"2,642,367.79","258,627.42",10.21688975,-0.69,20/01/2014Ê-Ê15/01/2016,2.17
P01T01,18/01/2016,18/01/2016,"2,643,122.25","258,627.42",10.21980692,-0.67,20/01/2014Ê-Ê18/01/2016,2.2
P01T01,19/01/2016,19/01/2016,"2,654,214.35","258,627.42",10.26269526,-0.25,20/01/2014Ê-Ê19/01/2016,2.63
P01T01,20/01/2016,20/01/2016,"2,646,914.29","258,627.42",10.23446909,-0.52,20/01/2014Ê-Ê20/01/2016,2.34
P01T01,21/01/2016,21/01/2016,"2,646,949.84","258,627.42",10.23460655,-0.52,20/01/2014Ê-Ê21/01/2016,2.35
P01T01,22/01/2016,22/01/2016,"3,997,830.91","388,740.73",10.28405465,-0.04,20/01/2014Ê-Ê22/01/2016,2.84
P01T01,25/01/2016,25/01/2016,"3,998,858.33","388,740.73",10.28669759,-0.02,20/01/2014Ê-Ê25/01/2016,2.87
P01T01,26/01/2016,26/01/2016,"4,001,973.72","388,740.73",10.29471165,0.06,20/01/2014Ê-Ê26/01/2016,2.95
P01T01,27/01/2016,27/01/2016,"4,018,833.62","389,723.44",10.31201407,0.23,20/01/2014Ê-Ê27/01/2016,3.12
P01T01,28/01/2016,28/01/2016,"4,042,832.07","391,021.69",10.33915055,0.49,20/01/2014Ê-Ê28/01/2016,3.39
P01T01,29/01/2016,29/01/2016,"4,109,969.08","395,838.21",10.3829518,0.92,20/01/2014Ê-Ê29/01/2016,3.83
P01T01,31/01/2016,31/01/2016,"4,154,161.49","400,094.41",10.38295318,0.92,20/01/2014Ê-Ê31/01/2016,3.83
P01T01,1/2/16,1/2/16,"4,152,267.07","400,094.41",10.37821824,0.87,20/01/2014Ê-Ê01/02/2016,3.78
P01T01,2/2/16,2/2/16,"4,155,184.02","401,456.88",10.35026244,0.6,20/01/2014Ê-Ê02/02/2016,3.5
P01T01,3/2/16,3/2/16,"4,162,678.69","401,456.88",10.36893112,0.78,20/01/2014Ê-Ê03/02/2016,3.69
P01T01,4/2/16,4/2/16,"4,166,919.70","401,456.88",10.37949517,0.89,20/01/2014Ê-Ê04/02/2016,3.79
P01T01,5/2/16,5/2/16,"4,173,646.66","401,456.88",10.39625154,1.05,20/01/2014Ê-Ê05/02/2016,3.96
P01T01,8/2/16,8/2/16,"4,171,783.17","401,456.88",10.39160972,1,20/01/2014Ê-Ê08/02/2016,3.92
P01T01,9/2/16,9/2/16,"4,173,574.94","401,456.88",10.39607289,1.05,20/01/2014Ê-Ê09/02/2016,3.96
P01T01,10/2/16,10/2/16,"4,175,805.39","401,456.88",10.40162878,1.1,20/01/2014Ê-Ê10/02/2016,4.02
P01T01,11/2/16,11/2/16,"4,166,666.29","401,456.88",10.37886394,0.88,20/01/2014Ê-Ê11/02/2016,3.79
P01T01,12/2/16,12/2/16,"4,163,193.69","401,456.88",10.37021395,0.8,20/01/2014Ê-Ê12/02/2016,3.7
P01T01,15/02/2016,15/02/2016,"4,167,289.45","401,456.88",10.38041619,0.89,20/01/2014Ê-Ê15/02/2016,3.8
P01T01,16/02/2016,16/02/2016,"4,170,397.30","401,456.88",10.38815762,0.97,20/01/2014Ê-Ê16/02/2016,3.88
P01T01,17/02/2016,17/02/2016,"4,174,930.93","401,456.88",10.39945056,1.08,20/01/2014Ê-Ê17/02/2016,3.99
P01T01,18/02/2016,18/02/2016,"4,181,365.56","401,456.88",10.41547876,1.24,20/01/2014Ê-Ê18/02/2016,4.15
P01T01,19/02/2016,19/02/2016,"4,196,883.70","401,500.48",10.45299799,1.6,20/01/2014Ê-Ê19/02/2016,4.53
P01T01,23/02/2016,23/02/2016,"4,200,285.64","401,500.48",10.46147106,1.68,20/01/2014Ê-Ê23/02/2016,4.61
P01T01,24/02/2016,24/02/2016,"4,201,200.11","401,500.48",10.46374869,1.7,20/01/2014Ê-Ê24/02/2016,4.64
P01T01,25/02/2016,25/02/2016,"4,200,066.99","401,500.48",10.46092648,1.68,20/01/2014Ê-Ê25/02/2016,4.61
P01T01,26/02/2016,26/02/2016,"4,222,220.86","402,780.24",10.48269112,1.89,20/01/2014Ê-Ê26/02/2016,4.83
P01T01,29/02/2016,29/02/2016,"4,244,608.69","405,345.47",10.47158277,1.78,20/01/2014Ê-Ê29/02/2016,4.72
P01T01,1/3/16,1/3/16,"4,322,315.75","411,592.20",10.50145213,2.07,20/01/2014Ê-Ê01/03/2016,5.01
P01T01,2/3/16,2/3/16,"4,354,334.13","413,400.76",10.53296107,2.38,20/01/2014Ê-Ê02/03/2016,5.33
P01T01,3/3/16,3/3/16,"4,366,268.23","413,400.76",10.56182919,2.66,20/01/2014Ê-Ê03/03/2016,5.62
P01T01,4/3/16,4/3/16,"4,368,639.85","413,400.76",10.56756604,2.71,20/01/2014Ê-Ê04/03/2016,5.68
P01T01,7/3/16,7/3/16,"4,435,873.09","418,669.71",10.59516116,2.98,20/01/2014Ê-Ê07/03/2016,5.95
P01T01,8/3/16,8/3/16,"4,427,142.79","418,669.71",10.57430868,2.78,20/01/2014Ê-Ê08/03/2016,5.74
P01T02,11/12/15,11/12/15,"4,547,112.12","440,059.91",10.33293878,-3.37,20/01/2014Ê-Ê11/12/2015,3.33
P01T02,14/12/2015,14/12/2015,"4,530,337.36","440,059.91",10.29481951,-3.72,20/01/2014Ê-Ê14/12/2015,2.95
P01T02,15/12/2015,15/12/2015,"4,576,889.44","440,059.91",10.40060529,-2.73,20/01/2014Ê-Ê15/12/2015,4.01
P01T02,16/12/2015,16/12/2015,"4,577,133.73","440,059.91",10.40116042,-2.73,20/01/2014Ê-Ê16/12/2015,4.01
P01T02,17/12/2015,17/12/2015,"4,585,136.62","440,059.91",10.41934633,-2.56,20/01/2014Ê-Ê17/12/2015,4.19
P01T02,18/12/2015,18/12/2015,"4,542,972.76","440,059.91",10.32353242,-3.45,20/01/2014Ê-Ê18/12/2015,3.24
P01T02,21/12/2015,21/12/2015,"4,515,758.52","440,059.91",10.2616903,-4.03,20/01/2014Ê-Ê21/12/2015,2.62
P01T02,22/12/2015,22/12/2015,"4,515,068.54","440,059.91",10.26012237,-4.05,20/01/2014Ê-Ê22/12/2015,2.6
P01T02,23/12/2015,23/12/2015,"4,532,779.81","440,059.91",10.30036978,-3.67,20/01/2014Ê-Ê23/12/2015,3
P01T02,24/12/2015,24/12/2015,"4,544,722.92","440,059.91",10.32750952,-3.42,20/01/2014Ê-Ê24/12/2015,3.28
P01T02,25/12/2015,25/12/2015,"4,543,586.12","440,059.91",10.32492623,-3.44,20/01/2014Ê-Ê25/12/2015,3.25
P01T02,28/12/2015,28/12/2015,"4,541,961.66","440,059.91",10.32123478,-3.48,20/01/2014Ê-Ê28/12/2015,3.21
P01T02,29/12/2015,29/12/2015,"4,688,978.41","454,592.73",10.3146797,-3.54,20/01/2014Ê-Ê29/12/2015,3.15
P01T02,30/12/2015,30/12/2015,"4,792,952.79","463,871.59",10.33249903,-3.37,20/01/2014Ê-Ê30/12/2015,3.32
P01T02,31/12/2015,31/12/2015,"4,794,570.21","464,028.08",10.33250026,-3.37,20/01/2014Ê-Ê31/12/2015,3.33
P01T02,4/1/16,4/1/16,"4,751,732.54","464,028.08",10.24018328,-0.89,20/01/2014Ê-Ê04/01/2016,2.4
P01T02,5/1/16,5/1/16,"4,731,127.09","464,028.08",10.19577767,-1.32,20/01/2014Ê-Ê05/01/2016,1.96
P01T02,6/1/16,6/1/16,"4,743,594.10","464,028.08",10.2226446,-1.06,20/01/2014Ê-Ê06/01/2016,2.23
P01T02,7/1/16,7/1/16,"4,685,632.17","464,028.08",10.09773421,-2.27,20/01/2014Ê-Ê07/01/2016,0.98
P01T02,8/1/16,8/1/16,"4,723,289.10","464,028.08",10.17888647,-1.49,20/01/2014Ê-Ê08/01/2016,1.79
P01T02,11/1/16,11/1/16,"4,706,369.04","464,028.08",10.14242303,-1.84,20/01/2014Ê-Ê11/01/2016,1.42
P01T02,12/1/16,12/1/16,"4,745,825.24","464,028.08",10.2274528,-1.02,20/01/2014Ê-Ê12/01/2016,2.27
P01T02,13/01/2016,13/01/2016,"4,786,952.20","464,028.08",10.31608313,-0.16,20/01/2014Ê-Ê13/01/2016,3.16
P01T02,14/01/2016,14/01/2016,"4,758,464.23","464,028.08",10.25469036,-0.75,20/01/2014Ê-Ê14/01/2016,2.55
P01T02,15/01/2016,15/01/2016,"4,721,031.26","464,028.08",10.17402073,-1.53,20/01/2014Ê-Ê15/01/2016,1.74
P01T02,18/01/2016,18/01/2016,"4,719,148.15","464,028.08",10.16996255,-1.57,20/01/2014Ê-Ê18/01/2016,1.7
P01T02,19/01/2016,19/01/2016,"4,759,161.32","464,028.08",10.25619261,-0.74,20/01/2014Ê-Ê19/01/2016,2.56
P01T02,20/01/2016,20/01/2016,"4,729,345.31","464,028.08",10.19193786,-1.36,20/01/2014Ê-Ê20/01/2016,1.92
P01T02,21/01/2016,21/01/2016,"4,729,959.94","464,028.08",10.19326241,-1.35,20/01/2014Ê-Ê21/01/2016,1.93
P01T02,22/01/2016,22/01/2016,"7,947,186.93","772,727.82",10.28458753,-0.46,20/01/2014Ê-Ê22/01/2016,2.85
P01T02,25/01/2016,25/01/2016,"7,950,260.09","772,727.82",10.28856456,-0.43,20/01/2014Ê-Ê25/01/2016,2.89
P01T02,26/01/2016,26/01/2016,"7,957,781.66","772,771.56",10.29771548,-0.34,20/01/2014Ê-Ê26/01/2016,2.98
P01T02,27/01/2016,27/01/2016,"8,055,118.71","779,488.02",10.33385832,0.01,20/01/2014Ê-Ê27/01/2016,3.34
P01T02,28/01/2016,28/01/2016,"8,095,683.84","779,488.02",10.38589905,0.52,20/01/2014Ê-Ê28/01/2016,3.86
P01T02,29/01/2016,29/01/2016,"8,228,655.44","786,988.83",10.45587317,1.19,20/01/2014Ê-Ê29/01/2016,4.56
P01T02,31/01/2016,31/01/2016,"8,310,122.32","794,780.21",10.45587473,1.19,20/01/2014Ê-Ê31/01/2016,4.56
P01T02,1/2/16,1/2/16,"8,297,926.40","794,780.21",10.44052971,1.05,20/01/2014Ê-Ê01/02/2016,4.41
P01T02,2/2/16,2/2/16,"8,347,537.11","803,458.68",10.38950397,0.55,20/01/2014Ê-Ê02/02/2016,3.9
P01T02,3/2/16,3/2/16,"8,373,681.17","803,458.68",10.42204336,0.87,20/01/2014Ê-Ê03/02/2016,4.22
P01T02,4/2/16,4/2/16,"8,393,523.70","803,616.22",10.44469177,1.09,20/01/2014Ê-Ê04/02/2016,4.45
P01T02,5/2/16,5/2/16,"8,419,450.04","803,616.22",10.47695386,1.4,20/01/2014Ê-Ê05/02/2016,4.77
P01T02,8/2/16,8/2/16,"8,411,206.52","803,616.22",10.46669583,1.3,20/01/2014Ê-Ê08/02/2016,4.67
P01T02,9/2/16,9/2/16,"8,404,596.04","803,616.22",10.45846992,1.22,20/01/2014Ê-Ê09/02/2016,4.58
P01T02,10/2/16,10/2/16,"8,409,499.86","803,616.22",10.46457211,1.28,20/01/2014Ê-Ê10/02/2016,4.65
P01T02,11/2/16,11/2/16,"8,360,100.78","803,616.22",10.40310112,0.68,20/01/2014Ê-Ê11/02/2016,4.03
P01T02,12/2/16,12/2/16,"8,352,821.73","803,616.22",10.39404325,0.6,20/01/2014Ê-Ê12/02/2016,3.94
P01T02,15/02/2016,15/02/2016,"8,373,921.76","803,616.22",10.42029961,0.85,20/01/2014Ê-Ê15/02/2016,4.2
P01T02,16/02/2016,16/02/2016,"8,380,237.00","803,616.22",10.42815813,0.93,20/01/2014Ê-Ê16/02/2016,4.28
P01T02,17/02/2016,17/02/2016,"8,390,860.82","803,616.22",10.44137815,1.05,20/01/2014Ê-Ê17/02/2016,4.41
P01T02,18/02/2016,18/02/2016,"8,411,935.71","803,330.23",10.4713297,1.34,20/01/2014Ê-Ê18/02/2016,4.71
P01T02,19/02/2016,19/02/2016,"8,468,622.25","803,410.16",10.54084529,2.02,20/01/2014Ê-Ê19/02/2016,5.41
P01T02,23/02/2016,23/02/2016,"8,481,994.09","803,410.16",10.55748914,2.18,20/01/2014Ê-Ê23/02/2016,5.57
P01T02,24/02/2016,24/02/2016,"8,489,495.98","803,410.16",10.5668267,2.27,20/01/2014Ê-Ê24/02/2016,5.67
P01T02,25/02/2016,25/02/2016,"8,490,982.27","803,410.16",10.56867667,2.29,20/01/2014Ê-Ê25/02/2016,5.69
P01T02,26/02/2016,26/02/2016,"8,519,723.77","803,410.16",10.60445105,2.63,20/01/2014Ê-Ê26/02/2016,6.04
P01T02,29/02/2016,29/02/2016,"8,576,226.87","810,773.69",10.57783075,2.37,20/01/2014Ê-Ê29/02/2016,5.78
P01T02,1/3/16,1/3/16,"8,713,548.16","819,380.44",10.63431311,2.92,20/01/2014Ê-Ê01/03/2016,6.34
P01T02,2/3/16,2/3/16,"8,828,474.13","825,744.21",10.69153624,3.47,20/01/2014Ê-Ê02/03/2016,6.92
P01T02,3/3/16,3/3/16,"8,869,847.17","825,744.21",10.74164018,3.96,20/01/2014Ê-Ê03/03/2016,7.42
P01T02,4/3/16,4/3/16,"8,979,975.67","835,701.74",10.7454313,4,20/01/2014Ê-Ê04/03/2016,7.45
P01T02,7/3/16,7/3/16,"9,046,226.09","837,722.89",10.79859007,4.51,20/01/2014Ê-Ê07/03/2016,7.99
P01T02,8/3/16,8/3/16,"9,006,266.70","837,722.89",10.75089006,4.05,20/01/2014Ê-Ê08/03/2016,7.51
P01T03,11/12/15,11/12/15,"3,583,663.29","360,215.42",9.948667003,-8.74,20/01/2014Ê-Ê11/12/2015,-0.51
P01T03,14/12/2015,14/12/2015,"3,567,664.22","360,918.97",9.884945248,-9.33,20/01/2014Ê-Ê14/12/2015,-1.15
P01T03,15/12/2015,15/12/2015,"3,634,924.84","360,918.97",10.07130459,-7.62,20/01/2014Ê-Ê15/12/2015,0.71
P01T03,16/12/2015,16/12/2015,"3,633,089.21","360,918.97",10.0662186,-7.66,20/01/2014Ê-Ê16/12/2015,0.66
P01T03,17/12/2015,17/12/2015,"3,645,910.37","360,918.97",10.10174225,-7.34,20/01/2014Ê-Ê17/12/2015,1.02
P01T03,18/12/2015,18/12/2015,"3,583,965.84","360,918.97",9.930112229,-8.91,20/01/2014Ê-Ê18/12/2015,-0.7
P01T03,21/12/2015,21/12/2015,"3,541,897.55","360,918.97",9.813553406,-9.98,20/01/2014Ê-Ê21/12/2015,-1.86
P01T03,22/12/2015,22/12/2015,"3,541,672.43","360,918.97",9.812929664,-9.99,20/01/2014Ê-Ê22/12/2015,-1.87
P01T03,23/12/2015,23/12/2015,"3,581,049.07","362,295.43",9.884333987,-9.33,20/01/2014Ê-Ê23/12/2015,-1.16
P01T03,24/12/2015,24/12/2015,"3,598,026.07","362,295.43",9.931193534,-8.9,20/01/2014Ê-Ê24/12/2015,-0.69
P01T03,25/12/2015,25/12/2015,"3,595,180.96","362,295.43",9.923340523,-8.98,20/01/2014Ê-Ê25/12/2015,-0.77
P01T03,28/12/2015,28/12/2015,"3,596,568.37","362,559.12",9.919950207,-9.01,20/01/2014Ê-Ê28/12/2015,-0.8
P01T03,29/12/2015,29/12/2015,"3,700,858.20","373,883.05",9.898438053,-9.2,20/01/2014Ê-Ê29/12/2015,-1.02
P01T03,30/12/2015,30/12/2015,"3,708,167.96","373,883.05",9.917988979,-9.02,20/01/2014Ê-Ê30/12/2015,-0.82
P01T03,31/12/2015,31/12/2015,"3,708,446.36","373,911.07",9.917990316,-9.02,20/01/2014Ê-Ê31/12/2015,-0.82
P01T03,4/1/16,4/1/16,"3,649,268.86","373,911.07",9.759724073,-1.6,20/01/2014Ê-Ê04/01/2016,-2.4
P01T03,5/1/16,5/1/16,"3,620,330.48","373,911.07",9.682330323,-2.38,20/01/2014Ê-Ê05/01/2016,-3.18
P01T03,6/1/16,6/1/16,"3,636,152.23","373,911.07",9.724644529,-1.95,20/01/2014Ê-Ê06/01/2016,-2.75
P01T03,7/1/16,7/1/16,"3,531,836.24","372,067.52",9.492460587,-4.29,20/01/2014Ê-Ê07/01/2016,-5.08
P01T03,8/1/16,8/1/16,"3,583,616.75","372,067.52",9.631630247,-2.89,20/01/2014Ê-Ê08/01/2016,-3.68
P01T03,11/1/16,11/1/16,"3,558,774.47","372,067.52",9.564862043,-3.56,20/01/2014Ê-Ê11/01/2016,-4.35
P01T03,12/1/16,12/1/16,"3,611,750.68","372,067.52",9.707245367,-2.12,20/01/2014Ê-Ê12/01/2016,-2.93
P01T03,13/01/2016,13/01/2016,"3,668,513.23","372,067.52",9.859805178,-0.59,20/01/2014Ê-Ê13/01/2016,-1.4
P01T03,14/01/2016,14/01/2016,"3,625,302.91","372,067.52",9.743669482,-1.76,20/01/2014Ê-Ê14/01/2016,-2.56
P01T03,15/01/2016,15/01/2016,"3,573,262.52","372,067.52",9.603801346,-3.17,20/01/2014Ê-Ê15/01/2016,-3.96
P01T03,18/01/2016,18/01/2016,"3,567,784.02","372,067.52",9.589076868,-3.32,20/01/2014Ê-Ê18/01/2016,-4.11
P01T03,19/01/2016,19/01/2016,"3,626,340.03","372,067.52",9.746456933,-1.73,20/01/2014Ê-Ê19/01/2016,-2.54
P01T03,20/01/2016,20/01/2016,"3,597,930.85","373,850.60",9.623980362,-2.96,20/01/2014Ê-Ê20/01/2016,-3.76
P01T03,21/01/2016,21/01/2016,"3,598,394.10","373,850.60",9.625219493,-2.95,20/01/2014Ê-Ê21/01/2016,-3.75
P01T03,22/01/2016,22/01/2016,"7,791,777.22","796,493.46",9.782600371,-1.37,20/01/2014Ê-Ê22/01/2016,-2.17
P01T03,25/01/2016,25/01/2016,"7,796,057.11","796,493.46",9.787973786,-1.31,20/01/2014Ê-Ê25/01/2016,-2.12
P01T03,26/01/2016,26/01/2016,"7,803,439.35","796,570.08",9.796299783,-1.23,20/01/2014Ê-Ê26/01/2016,-2.04
P01T03,27/01/2016,27/01/2016,"7,880,166.98","798,919.38",9.863532187,-0.55,20/01/2014Ê-Ê27/01/2016,-1.36
P01T03,28/01/2016,28/01/2016,"7,952,332.37","798,919.38",9.953860938,0.36,20/01/2014Ê-Ê28/01/2016,-0.46
P01T03,29/01/2016,29/01/2016,"8,090,955.00","803,816.34",10.06567624,1.49,20/01/2014Ê-Ê29/01/2016,0.66
P01T03,31/01/2016,31/01/2016,"8,174,130.37","812,079.49",10.06567761,1.49,20/01/2014Ê-Ê31/01/2016,0.66
P01T03,1/2/16,1/2/16,"8,147,231.07","812,079.49",10.03255364,1.16,20/01/2014Ê-Ê01/02/2016,0.33
P01T03,2/2/16,2/2/16,"8,066,353.61","811,337.59",9.942043558,0.24,20/01/2014Ê-Ê02/02/2016,-0.58
P01T03,3/2/16,3/2/16,"8,109,136.64","811,337.59",9.994775036,0.77,20/01/2014Ê-Ê03/02/2016,-0.05
P01T03,4/2/16,4/2/16,"8,141,973.81","811,367.06",10.03488336,1.18,20/01/2014Ê-Ê04/02/2016,0.35
P01T03,5/2/16,5/2/16,"8,188,390.32","811,367.06",10.09209114,1.76,20/01/2014Ê-Ê05/02/2016,0.92
P01T03,8/2/16,8/2/16,"8,170,886.55","811,367.06",10.07051796,1.54,20/01/2014Ê-Ê08/02/2016,0.71
P01T03,9/2/16,9/2/16,"8,151,565.70","811,367.06",10.04670524,1.3,20/01/2014Ê-Ê09/02/2016,0.47
P01T03,10/2/16,10/2/16,"8,156,724.00","811,367.06",10.05306279,1.36,20/01/2014Ê-Ê10/02/2016,0.53
P01T03,11/2/16,11/2/16,"8,053,142.57","811,367.06",9.925399937,0.07,20/01/2014Ê-Ê11/02/2016,-0.75
P01T03,12/2/16,12/2/16,"8,047,041.92","811,367.06",9.91788096,0,20/01/2014Ê-Ê12/02/2016,-0.82
P01T03,15/02/2016,15/02/2016,"8,090,192.09","811,367.06",9.971063018,0.54,20/01/2014Ê-Ê15/02/2016,-0.29
P01T03,16/02/2016,16/02/2016,"8,098,401.19","811,367.06",9.981180634,0.64,20/01/2014Ê-Ê16/02/2016,-0.19
P01T03,17/02/2016,17/02/2016,"8,110,650.07","811,560.50",9.993894535,0.77,20/01/2014Ê-Ê17/02/2016,-0.06
P01T03,18/02/2016,18/02/2016,"8,154,099.07","811,560.50",10.04743213,1.31,20/01/2014Ê-Ê18/02/2016,0.47
P01T03,19/02/2016,19/02/2016,"8,282,802.98","813,146.85",10.18610967,2.7,20/01/2014Ê-Ê19/02/2016,1.86
P01T03,23/02/2016,23/02/2016,"8,306,611.87","813,146.85",10.21538961,3,20/01/2014Ê-Ê23/02/2016,2.15
P01T03,24/02/2016,24/02/2016,"8,323,283.61","813,146.85",10.23589235,3.21,20/01/2014Ê-Ê24/02/2016,2.36
P01T03,25/02/2016,25/02/2016,"8,326,123.70","813,146.85",10.23938506,3.24,20/01/2014Ê-Ê25/02/2016,2.39
P01T03,26/02/2016,26/02/2016,"8,374,098.35","813,146.85",10.29838382,3.84,20/01/2014Ê-Ê26/02/2016,2.98
P01T03,29/02/2016,29/02/2016,"8,363,466.51","816,101.42",10.2480725,3.33,20/01/2014Ê-Ê29/02/2016,2.48
P01T03,1/3/16,1/3/16,"8,517,804.78","823,278.89",10.34619601,4.32,20/01/2014Ê-Ê01/03/2016,3.46
P01T03,2/3/16,2/3/16,"8,655,406.94","828,711.86",10.44441066,5.31,20/01/2014Ê-Ê02/03/2016,4.44
P01T03,3/3/16,3/3/16,"8,724,630.78","828,711.86",10.52794251,6.15,20/01/2014Ê-Ê03/03/2016,5.28
P01T03,4/3/16,4/3/16,"8,723,945.07","828,808.74",10.52588449,6.13,20/01/2014Ê-Ê04/03/2016,5.26
P01T03,7/3/16,7/3/16,"8,809,473.26","829,085.32",10.62553284,7.13,20/01/2014Ê-Ê07/03/2016,6.26
P01T03,8/3/16,8/3/16,"8,823,545.95","838,399.42",10.52427493,6.11,20/01/2014Ê-Ê08/03/2016,5.24
P01TB1,11/12/15,11/12/15,"1,207,410,685.13","107,356,157.40",11.24677629,1.34,09/12/2010Ê-Ê11/12/2015,11.11
P01TB1,14/12/2015,14/12/2015,"1,208,369,226.25","107,431,137.67",11.24784911,1.35,15/12/2010Ê-Ê14/12/2015,11.1
P01TB1,15/12/2015,15/12/2015,"1,209,535,233.86","107,531,213.41",11.24822454,1.35,16/12/2010Ê-Ê15/12/2015,11.1
P01TB1,16/12/2015,16/12/2015,"1,209,400,849.95","107,516,190.25",11.24854636,1.36,17/12/2010Ê-Ê16/12/2015,11.1
P01TB1,17/12/2015,17/12/2015,"1,208,317,937.21","107,416,845.28",11.24886822,1.36,17/12/2010Ê-Ê17/12/2015,11.1
P01TB1,18/12/2015,18/12/2015,"1,208,669,506.53","107,444,512.44",11.24924372,1.36,17/12/2010Ê-Ê18/12/2015,11.1
P01TB1,21/12/2015,21/12/2015,"1,208,147,148.66","107,387,835.94",11.25031656,1.37,22/12/2010Ê-Ê21/12/2015,11.09
P01TB1,22/12/2015,22/12/2015,"1,207,815,209.08","107,354,748.03",11.25069204,1.37,23/12/2010Ê-Ê22/12/2015,11.09
P01TB1,23/12/2015,23/12/2015,"1,208,439,584.30","107,406,660.61",11.25106746,1.38,24/12/2010Ê-Ê23/12/2015,11.09
P01TB1,24/12/2015,24/12/2015,"1,209,113,593.52","107,462,981.34",11.25144285,1.38,24/12/2010Ê-Ê24/12/2015,11.1
P01TB1,25/12/2015,25/12/2015,"1,209,406,902.96","107,485,975.99",11.25176463,1.38,24/12/2010Ê-Ê25/12/2015,11.1
P01TB1,28/12/2015,28/12/2015,"1,209,777,766.41","107,508,694.85",11.25283651,1.39,29/12/2010Ê-Ê28/12/2015,11.09
P01TB1,29/12/2015,29/12/2015,"1,226,294,618.61","108,972,854.84",11.25321182,1.4,30/12/2010Ê-Ê29/12/2015,11.09
P01TB1,30/12/2015,30/12/2015,"1,228,253,403.40","109,143,280.49",11.25358701,1.4,31/12/2010Ê-Ê30/12/2015,11.09
P01TB1,31/12/2015,31/12/2015,"1,233,966,998.11","109,650,993.14",11.25358707,1.4,31/12/2010Ê-Ê31/12/2015,11.09
P01TB1,4/1/16,4/1/16,"1,234,178,629.22","109,650,993.14",11.25551711,0.02,05/01/2011Ê-Ê04/01/2016,11.09
P01TB1,5/1/16,5/1/16,"1,228,695,404.66","109,160,188.63",11.25589301,0.02,06/01/2011Ê-Ê05/01/2016,11.09
P01TB1,6/1/16,6/1/16,"1,228,344,259.72","109,125,347.35",11.25626896,0.02,07/01/2011Ê-Ê06/01/2016,11.09
P01TB1,7/1/16,7/1/16,"1,228,369,738.13","109,123,971.25",11.25664438,0.03,07/01/2011Ê-Ê07/01/2016,11.09
P01TB1,8/1/16,8/1/16,"1,227,546,869.46","109,047,752.85",11.25696621,0.03,07/01/2011Ê-Ê08/01/2016,11.09
P01TB1,11/1/16,11/1/16,"1,227,774,546.13","109,057,065.86",11.2580926,0.04,12/01/2011Ê-Ê11/01/2016,11.08
P01TB1,12/1/16,12/1/16,"1,227,303,498.78","109,012,108.97",11.25841441,0.04,13/01/2011Ê-Ê12/01/2016,11.08
P01TB1,13/01/2016,13/01/2016,"1,227,063,630.07","108,987,169.81",11.25878975,0.05,14/01/2011Ê-Ê13/01/2016,11.08
P01TB1,14/01/2016,14/01/2016,"1,230,439,500.27","109,283,368.82",11.25916517,0.05,14/01/2011Ê-Ê14/01/2016,11.09
P01TB1,15/01/2016,15/01/2016,"1,230,417,184.44","109,277,646.46",11.25955055,0.05,14/01/2011Ê-Ê15/01/2016,11.09
P01TB1,18/01/2016,18/01/2016,"1,230,657,481.49","109,288,577.27",11.26062313,0.06,19/01/2011Ê-Ê18/01/2016,11.08
P01TB1,19/01/2016,19/01/2016,"1,230,384,654.41","109,260,706.34",11.26099854,0.07,20/01/2011Ê-Ê19/01/2016,11.08
P01TB1,20/01/2016,20/01/2016,"1,226,007,873.07","108,868,405.99",11.26137433,0.07,21/01/2011Ê-Ê20/01/2016,11.08
P01TB1,21/01/2016,21/01/2016,"1,225,127,771.17","108,786,624.56",11.26175002,0.07,21/01/2011Ê-Ê21/01/2016,11.08
P01TB1,22/01/2016,22/01/2016,"1,227,700,107.58","109,011,404.32",11.26212542,0.08,21/01/2011Ê-Ê22/01/2016,11.09
P01TB1,25/01/2016,25/01/2016,"1,227,772,050.20","109,007,410.81",11.26319799,0.09,26/01/2011Ê-Ê25/01/2016,11.07
P01TB1,26/01/2016,26/01/2016,"1,228,141,571.10","109,036,585.11",11.26357332,0.09,27/01/2011Ê-Ê26/01/2016,11.07
P01TB1,27/01/2016,27/01/2016,"1,229,537,209.68","109,157,374.15",11.26389508,0.09,28/01/2011Ê-Ê27/01/2016,11.07
P01TB1,28/01/2016,28/01/2016,"1,227,370,745.20","108,961,403.72",11.26427068,0.09,28/01/2011Ê-Ê28/01/2016,11.08
P01TB1,29/01/2016,29/01/2016,"1,228,143,529.11","109,026,378.24",11.26464576,0.1,28/01/2011Ê-Ê29/01/2016,11.08
P01TB1,31/01/2016,31/01/2016,"1,240,688,720.59","110,140,051.56",11.26464627,0.1,01/02/2011Ê-Ê31/01/2016,11.06
P01TB1,1/2/16,1/2/16,"1,240,806,825.50","110,140,051.56",11.26571858,0.11,02/02/2011Ê-Ê01/02/2016,11.07
P01TB1,2/2/16,2/2/16,"1,243,343,689.51","110,362,084.08",11.26604032,0.11,03/02/2011Ê-Ê02/02/2016,11.07
P01TB1,3/2/16,3/2/16,"1,244,731,060.60","110,481,549.10",11.26641571,0.11,04/02/2011Ê-Ê03/02/2016,11.06
P01TB1,4/2/16,4/2/16,"1,247,134,585.08","110,691,195.57",11.26679117,0.12,04/02/2011Ê-Ê04/02/2016,11.07
P01TB1,5/2/16,5/2/16,"1,247,063,930.19","110,681,763.70",11.26711292,0.12,04/02/2011Ê-Ê05/02/2016,11.07
P01TB1,8/2/16,8/2/16,"1,248,762,708.69","110,821,984.02",11.26818582,0.13,09/02/2011Ê-Ê08/02/2016,11.06
P01TB1,9/2/16,9/2/16,"1,248,813,553.34","110,822,802.71",11.26856137,0.13,10/02/2011Ê-Ê09/02/2016,11.06
P01TB1,10/2/16,10/2/16,"1,246,624,574.18","110,625,387.72",11.26888321,0.14,11/02/2011Ê-Ê10/02/2016,11.06
P01TB1,11/2/16,11/2/16,"1,246,775,281.71","110,634,548.99",11.26931228,0.14,11/02/2011Ê-Ê11/02/2016,11.06
P01TB1,12/2/16,12/2/16,"1,245,593,810.90","110,526,026.14",11.26968782,0.14,11/02/2011Ê-Ê12/02/2016,11.06
P01TB1,15/02/2016,15/02/2016,"1,245,421,945.83","110,499,729.14",11.27081447,0.15,16/02/2011Ê-Ê15/02/2016,11.05
P01TB1,16/02/2016,16/02/2016,"1,245,692,592.52","110,520,585.27",11.27113641,0.16,17/02/2011Ê-Ê16/02/2016,11.05
P01TB1,17/02/2016,17/02/2016,"1,245,741,644.42","110,521,782.28",11.27145816,0.16,17/02/2011Ê-Ê17/02/2016,11.05
P01TB1,18/02/2016,18/02/2016,"1,246,762,730.92","110,608,688.70",11.27183357,0.16,17/02/2011Ê-Ê18/02/2016,11.06
P01TB1,19/02/2016,19/02/2016,"1,246,743,210.07","110,603,799.37",11.27215536,0.16,17/02/2011Ê-Ê19/02/2016,11.06
P01TB1,23/02/2016,23/02/2016,"1,247,123,437.44","110,623,843.07",11.2735501,0.18,24/02/2011Ê-Ê23/02/2016,11.04
P01TB1,24/02/2016,24/02/2016,"1,246,965,487.47","110,606,674.80",11.27387194,0.18,25/02/2011Ê-Ê24/02/2016,11.04
P01TB1,25/02/2016,25/02/2016,"1,247,042,325.79","110,609,809.88",11.27424708,0.18,25/02/2011Ê-Ê25/02/2016,11.04
P01TB1,26/02/2016,26/02/2016,"1,257,722,389.61","111,553,391.36",11.27462262,0.19,25/02/2011Ê-Ê26/02/2016,11.04
P01TB1,29/02/2016,29/02/2016,"1,258,611,820.91","111,622,184.87",11.27564222,0.2,01/03/2011Ê-Ê29/02/2016,11.03
P01TB1,1/3/16,1/3/16,"1,260,813,846.67","111,813,751.65",11.27601774,0.2,02/03/2011Ê-Ê01/03/2016,11.03
P01TB1,2/3/16,2/3/16,"1,264,997,713.07","112,181,590.69",11.2763396,0.2,03/03/2011Ê-Ê02/03/2016,11.03
P01TB1,3/3/16,3/3/16,"1,268,302,472.06","112,470,915.60",11.2767151,0.21,04/03/2011Ê-Ê03/03/2016,11.03
P01TB1,4/3/16,4/3/16,"1,272,445,719.73","112,834,572.05",11.27709085,0.21,04/03/2011Ê-Ê04/03/2016,11.03
P01TB1,7/3/16,7/3/16,"1,272,478,699.72","112,827,291.81",11.27811081,0.22,08/03/2011Ê-Ê07/03/2016,11.02
P01TB1,8/3/16,8/3/16,"1,272,610,445.80","112,835,214.17",11.27848655,0.22,09/03/2011Ê-Ê08/03/2016,11.02
P01TB3,11/12/15,11/12/15,"941,742,736.02","38,873,969.50",24.2255357,-15.68,09/12/2010Ê-Ê11/12/2015,32.66
P01TB3,14/12/2015,14/12/2015,"934,446,421.78","38,920,809.79",24.0089152,-16.43,15/12/2010Ê-Ê14/12/2015,31.53
P01TB3,15/12/2015,15/12/2015,"963,952,588.05","39,052,553.12",24.68347166,-14.09,16/12/2010Ê-Ê15/12/2015,36.06
P01TB3,16/12/2015,16/12/2015,"961,911,465.48","39,028,945.61",24.64610433,-14.22,17/12/2010Ê-Ê16/12/2015,36.84
P01TB3,17/12/2015,17/12/2015,"970,417,426.68","39,159,269.12",24.78129568,-13.75,17/12/2010Ê-Ê17/12/2015,37.59
P01TB3,18/12/2015,18/12/2015,"943,637,823.23","39,050,035.07",24.16483933,-15.89,17/12/2010Ê-Ê18/12/2015,34.17
P01TB3,21/12/2015,21/12/2015,"924,800,333.03","38,970,220.53",23.73094944,-17.4,22/12/2010Ê-Ê21/12/2015,32.09
P01TB3,22/12/2015,22/12/2015,"926,418,319.99","39,014,815.92",23.74529517,-17.35,23/12/2010Ê-Ê22/12/2015,31.93
P01TB3,23/12/2015,23/12/2015,"936,138,054.81","39,003,420.67",24.00143471,-16.46,24/12/2010Ê-Ê23/12/2015,33.33
P01TB3,24/12/2015,24/12/2015,"942,973,073.09","39,017,231.60",24.1681184,-15.88,24/12/2010Ê-Ê24/12/2015,34.26
P01TB3,25/12/2015,25/12/2015,"941,264,107.13","39,008,431.26",24.12976059,-16.01,24/12/2010Ê-Ê25/12/2015,34.04
P01TB3,28/12/2015,28/12/2015,"943,522,495.41","39,084,708.21",24.14045131,-15.98,29/12/2010Ê-Ê28/12/2015,32.12
P01TB3,29/12/2015,29/12/2015,"948,828,574.18","39,461,402.98",24.04447137,-16.31,30/12/2010Ê-Ê29/12/2015,31.95
P01TB3,30/12/2015,30/12/2015,"951,183,150.23","39,464,025.73",24.10253725,-16.11,31/12/2010Ê-Ê30/12/2015,32.26
P01TB3,31/12/2015,31/12/2015,"956,916,338.74","39,701,892.44",24.10253718,-16.11,31/12/2010Ê-Ê31/12/2015,32.26
P01TB3,4/1/16,4/1/16,"935,067,196.58","39,701,892.44",23.55220719,-2.28,05/01/2011Ê-Ê04/01/2016,26.8
P01TB3,5/1/16,5/1/16,"922,084,774.48","39,604,942.47",23.28206322,-3.4,06/01/2011Ê-Ê05/01/2016,25.56
P01TB3,6/1/16,6/1/16,"927,412,747.03","39,617,400.02",23.40922793,-2.88,07/01/2011Ê-Ê06/01/2016,28.24
P01TB3,7/1/16,7/1/16,"895,888,579.10","39,677,022.34",22.57953158,-6.32,07/01/2011Ê-Ê07/01/2016,23.69
P01TB3,8/1/16,8/1/16,"915,015,477.58","39,684,157.98",23.05744973,-4.34,07/01/2011Ê-Ê08/01/2016,26.31
P01TB3,11/1/16,11/1/16,"906,094,888.49","39,710,286.37",22.81763672,-5.33,12/01/2011Ê-Ê11/01/2016,27.49
P01TB3,12/1/16,12/1/16,"925,056,209.98","39,699,372.34",23.30153238,-3.32,13/01/2011Ê-Ê12/01/2016,27.86
P01TB3,13/01/2016,13/01/2016,"944,456,455.97","39,639,844.09",23.82593771,-1.15,14/01/2011Ê-Ê13/01/2016,31.28
P01TB3,14/01/2016,14/01/2016,"929,574,333.51","39,706,436.74",23.41117486,-2.87,14/01/2011Ê-Ê14/01/2016,28.99
P01TB3,15/01/2016,15/01/2016,"910,018,947.25","39,696,235.40",22.92456547,-4.89,14/01/2011Ê-Ê15/01/2016,26.31
P01TB3,18/01/2016,18/01/2016,"908,728,834.02","39,730,648.42",22.87223769,-5.1,19/01/2011Ê-Ê18/01/2016,25.54
P01TB3,19/01/2016,19/01/2016,"931,008,818.17","39,739,616.19",23.42772546,-2.8,20/01/2011Ê-Ê19/01/2016,30.48
P01TB3,20/01/2016,20/01/2016,"912,999,105.88","39,722,483.19",22.98444187,-4.64,21/01/2011Ê-Ê20/01/2016,30.05
P01TB3,21/01/2016,21/01/2016,"905,351,961.23","39,392,174.48",22.983041,-4.64,21/01/2011Ê-Ê21/01/2016,30.05
P01TB3,22/01/2016,22/01/2016,"938,414,741.18","39,882,399.02",23.52954597,-2.38,21/01/2011Ê-Ê22/01/2016,33.14
P01TB3,25/01/2016,25/01/2016,"939,139,764.19","39,884,957.64",23.5462144,-2.31,26/01/2011Ê-Ê25/01/2016,36.99
P01TB3,26/01/2016,26/01/2016,"939,459,075.90","39,886,599.69",23.55325055,-2.28,27/01/2011Ê-Ê26/01/2016,35.61
P01TB3,27/01/2016,27/01/2016,"949,022,276.04","39,881,701.09",23.79593272,-1.27,28/01/2011Ê-Ê27/01/2016,37.9
P01TB3,28/01/2016,28/01/2016,"965,147,030.17","40,030,583.60",24.1102413,0.03,28/01/2011Ê-Ê28/01/2016,39.73
P01TB3,29/01/2016,29/01/2016,"986,215,099.61","40,267,035.23",24.49187267,1.62,28/01/2011Ê-Ê29/01/2016,41.94
P01TB3,31/01/2016,31/01/2016,"985,939,329.68","40,255,775.50",24.49187271,1.62,01/02/2011Ê-Ê31/01/2016,45.17
P01TB3,1/2/16,1/2/16,"980,668,949.92","40,255,775.50",24.36095039,1.07,02/02/2011Ê-Ê01/02/2016,41.31
P01TB3,2/2/16,2/2/16,"967,378,181.05","40,246,107.39",24.03656512,-0.27,03/02/2011Ê-Ê02/02/2016,39.15
P01TB3,3/2/16,3/2/16,"974,087,739.39","40,240,874.19",24.2064259,0.43,04/02/2011Ê-Ê03/02/2016,39.37
P01TB3,4/2/16,4/2/16,"979,745,967.94","40,245,255.45",24.34438437,1,04/02/2011Ê-Ê04/02/2016,40.16
P01TB3,5/2/16,5/2/16,"986,561,161.10","40,185,611.34",24.55010956,1.86,04/02/2011Ê-Ê05/02/2016,41.35
P01TB3,8/2/16,8/2/16,"981,979,452.78","40,136,355.18",24.46608439,1.51,09/02/2011Ê-Ê08/02/2016,43.77
P01TB3,9/2/16,9/2/16,"978,225,629.00","40,135,276.66",24.37321255,1.12,10/02/2011Ê-Ê09/02/2016,46.58
P01TB3,10/2/16,10/2/16,"979,457,294.20","40,161,102.56",24.38820729,1.19,11/02/2011Ê-Ê10/02/2016,46.57
P01TB3,11/2/16,11/2/16,"958,212,872.70","40,141,511.56",23.87087171,-0.96,11/02/2011Ê-Ê11/02/2016,43.46
P01TB3,12/2/16,12/2/16,"955,829,483.05","40,051,007.83",23.86530414,-0.98,11/02/2011Ê-Ê12/02/2016,43.43
P01TB3,15/02/2016,15/02/2016,"945,576,115.73","39,217,024.84",24.11136795,0.04,16/02/2011Ê-Ê15/02/2016,38.98
P01TB3,16/02/2016,16/02/2016,"947,969,605.10","39,245,408.23",24.15491768,0.22,17/02/2011Ê-Ê16/02/2016,37.11
P01TB3,17/02/2016,17/02/2016,"948,261,817.24","39,228,715.68",24.17264498,0.29,17/02/2011Ê-Ê17/02/2016,37.22
P01TB3,18/02/2016,18/02/2016,"956,724,276.50","39,206,293.38",24.40231387,1.24,17/02/2011Ê-Ê18/02/2016,38.52
P01TB3,19/02/2016,19/02/2016,"981,826,378.96","39,172,193.07",25.06437098,3.99,17/02/2011Ê-Ê19/02/2016,42.28
P01TB3,23/02/2016,23/02/2016,"982,375,265.95","39,009,148.86",25.18320176,4.48,24/02/2011Ê-Ê23/02/2016,45.62
P01TB3,24/02/2016,24/02/2016,"985,526,583.33","38,986,753.03",25.27849864,4.88,25/02/2011Ê-Ê24/02/2016,44.63
P01TB3,25/02/2016,25/02/2016,"985,961,021.51","38,975,342.86",25.29704549,4.96,25/02/2011Ê-Ê25/02/2016,44.73
P01TB3,26/02/2016,26/02/2016,"999,017,539.66","39,110,515.67",25.54345097,5.98,25/02/2011Ê-Ê26/02/2016,46.14
P01TB3,29/02/2016,29/02/2016,"990,551,254.25","39,166,897.41",25.29052132,4.93,01/03/2011Ê-Ê29/02/2016,43.14
P01TB3,1/3/16,1/3/16,"1,009,137,177.15","39,221,223.53",25.72936503,6.75,02/03/2011Ê-Ê01/03/2016,46.97
P01TB3,2/3/16,2/3/16,"1,032,943,241.04","39,480,219.12",26.16356403,8.55,03/03/2011Ê-Ê02/03/2016,49.14
P01TB3,3/3/16,3/3/16,"1,044,092,417.55","39,364,288.97",26.523848,10.05,04/03/2011Ê-Ê03/03/2016,50.28
P01TB3,4/3/16,4/3/16,"1,042,147,003.65","39,333,440.38",26.4951907,9.93,04/03/2011Ê-Ê04/03/2016,50.12
P01TB3,7/3/16,7/3/16,"1,057,734,143.92","39,235,260.60",26.95876433,11.85,08/03/2011Ê-Ê07/03/2016,48.75
P01TB3,8/3/16,8/3/16,"1,039,060,016.32","39,287,633.91",26.4475081,9.73,09/03/2011Ê-Ê08/03/2016,46.27
P01TB4,11/12/15,11/12/15,"2,759,253,883.76","243,582,221.76",11.3278131,1.34,09/12/2010Ê-Ê11/12/2015,11.28
P01TB4,14/12/2015,14/12/2015,"2,758,804,071.71","243,518,545.39",11.32892802,1.35,15/12/2010Ê-Ê14/12/2015,11.26
P01TB4,15/12/2015,15/12/2015,"2,757,356,133.90","243,383,367.16",11.32927104,1.35,16/12/2010Ê-Ê15/12/2015,11.26
P01TB4,16/12/2015,16/12/2015,"2,753,093,625.01","242,999,770.33",11.3296141,1.36,17/12/2010Ê-Ê16/12/2015,11.26
P01TB4,17/12/2015,17/12/2015,"2,757,617,654.84","243,391,707.86",11.32995729,1.36,17/12/2010Ê-Ê17/12/2015,11.26
P01TB4,18/12/2015,18/12/2015,"2,756,198,358.22","243,257,230.80",11.33038615,1.36,17/12/2010Ê-Ê18/12/2015,11.27
P01TB4,21/12/2015,21/12/2015,"2,755,890,902.68","243,206,160.49",11.33150121,1.37,22/12/2010Ê-Ê21/12/2015,11.26
P01TB4,22/12/2015,22/12/2015,"2,755,319,590.71","243,148,382.70",11.3318442,1.38,23/12/2010Ê-Ê22/12/2015,11.26
P01TB4,23/12/2015,23/12/2015,"2,756,678,247.55","243,260,915.99",11.33218724,1.38,24/12/2010Ê-Ê23/12/2015,11.25
P01TB4,24/12/2015,24/12/2015,"2,754,522,357.93","243,063,313.66",11.33253026,1.38,24/12/2010Ê-Ê24/12/2015,11.26
P01TB4,25/12/2015,25/12/2015,"2,754,644,488.10","243,064,897.66",11.33295887,1.39,24/12/2010Ê-Ê25/12/2015,11.26
P01TB4,28/12/2015,28/12/2015,"2,758,739,395.46","243,402,295.51",11.33407304,1.4,29/12/2010Ê-Ê28/12/2015,11.25
P01TB4,29/12/2015,29/12/2015,"2,781,711,641.31","245,421,698.71",11.33441605,1.4,30/12/2010Ê-Ê29/12/2015,11.25
P01TB4,30/12/2015,30/12/2015,"2,782,068,310.63","245,445,748.76",11.3347586,1.4,31/12/2010Ê-Ê30/12/2015,11.25
P01TB4,31/12/2015,31/12/2015,"2,797,709,854.42","246,825,711.26",11.3347586,1.4,31/12/2010Ê-Ê31/12/2015,11.25
P01TB4,4/1/16,4/1/16,"2,798,112,028.19","246,825,711.26",11.33638799,0.01,05/01/2011Ê-Ê04/01/2016,11.24
P01TB4,5/1/16,5/1/16,"2,789,124,438.55","246,023,588.79",11.33681714,0.02,06/01/2011Ê-Ê05/01/2016,11.24
P01TB4,6/1/16,6/1/16,"2,787,173,746.40","245,844,075.07",11.33716054,0.02,07/01/2011Ê-Ê06/01/2016,11.24
P01TB4,7/1/16,7/1/16,"2,787,210,128.69","245,839,845.94",11.33750356,0.02,07/01/2011Ê-Ê07/01/2016,11.24
P01TB4,8/1/16,8/1/16,"2,787,264,143.52","245,837,172.28",11.33784658,0.03,07/01/2011Ê-Ê08/01/2016,11.25
P01TB4,11/1/16,11/1/16,"2,787,469,462.84","245,831,110.76",11.33896135,0.04,12/01/2011Ê-Ê11/01/2016,11.24
P01TB4,12/1/16,12/1/16,"2,789,382,238.68","245,992,359.87",11.33930436,0.04,13/01/2011Ê-Ê12/01/2016,11.23
P01TB4,13/01/2016,13/01/2016,"2,790,026,268.46","246,039,852.01",11.33973316,0.04,14/01/2011Ê-Ê13/01/2016,11.23
P01TB4,14/01/2016,14/01/2016,"2,788,525,229.33","245,900,043.47",11.34007619,0.05,14/01/2011Ê-Ê14/01/2016,11.24
P01TB4,15/01/2016,15/01/2016,"2,788,523,937.34","245,892,304.42",11.34042785,0.05,14/01/2011Ê-Ê15/01/2016,11.24
P01TB4,18/01/2016,18/01/2016,"2,787,975,048.83","245,819,737.24",11.34154271,0.06,19/01/2011Ê-Ê18/01/2016,11.23
P01TB4,19/01/2016,19/01/2016,"2,788,389,511.20","245,848,844.78",11.34188576,0.06,20/01/2011Ê-Ê19/01/2016,11.23
P01TB4,20/01/2016,20/01/2016,"2,788,598,923.74","245,856,154.77",11.3424003,0.07,21/01/2011Ê-Ê20/01/2016,11.23
P01TB4,21/01/2016,21/01/2016,"2,768,542,926.18","244,078,686.82",11.34282949,0.07,21/01/2011Ê-Ê21/01/2016,11.23
P01TB4,22/01/2016,22/01/2016,"2,780,158,405.18","245,095,295.19",11.34317329,0.07,21/01/2011Ê-Ê22/01/2016,11.23
P01TB4,25/01/2016,25/01/2016,"2,780,231,572.40","245,079,476.90",11.34420396,0.08,26/01/2011Ê-Ê25/01/2016,11.22
P01TB4,26/01/2016,26/01/2016,"2,780,212,948.85","245,068,575.63",11.34463259,0.09,27/01/2011Ê-Ê26/01/2016,11.22
P01TB4,27/01/2016,27/01/2016,"2,778,629,384.63","244,921,581.10",11.34497569,0.09,28/01/2011Ê-Ê27/01/2016,11.22
P01TB4,28/01/2016,28/01/2016,"2,784,949,513.05","245,471,248.23",11.34531858,0.09,28/01/2011Ê-Ê28/01/2016,11.22
P01TB4,29/01/2016,29/01/2016,"2,801,125,238.52","246,889,553.09",11.34566126,0.1,28/01/2011Ê-Ê29/01/2016,11.22
P01TB4,31/01/2016,31/01/2016,"2,809,432,305.68","247,621,723.66",11.3456617,0.1,01/02/2011Ê-Ê31/01/2016,11.2
P01TB4,1/2/16,1/2/16,"2,809,687,182.97","247,621,723.66",11.346691,0.11,02/02/2011Ê-Ê01/02/2016,11.21
P01TB4,2/2/16,2/2/16,"2,808,909,617.53","247,543,829.66",11.34712031,0.11,03/02/2011Ê-Ê02/02/2016,11.21
P01TB4,3/2/16,3/2/16,"2,811,607,531.87","247,774,095.96",11.34746359,0.11,04/02/2011Ê-Ê03/02/2016,11.21
P01TB4,4/2/16,4/2/16,"2,812,144,491.07","247,813,924.26",11.34780662,0.12,04/02/2011Ê-Ê04/02/2016,11.21
P01TB4,5/2/16,5/2/16,"2,808,070,580.02","247,445,567.92",11.34823551,0.12,04/02/2011Ê-Ê05/02/2016,11.21
P01TB4,8/2/16,8/2/16,"2,807,575,826.18","247,379,531.20",11.34926488,0.13,09/02/2011Ê-Ê08/02/2016,11.2
P01TB4,9/2/16,9/2/16,"2,809,472,543.36","247,539,171.58",11.34960792,0.13,10/02/2011Ê-Ê09/02/2016,11.2
P01TB4,10/2/16,10/2/16,"2,809,381,967.39","247,521,839.16",11.35003674,0.13,11/02/2011Ê-Ê10/02/2016,11.19
P01TB4,11/2/16,11/2/16,"2,808,339,095.29","247,422,477.81",11.3503798,0.14,11/02/2011Ê-Ê11/02/2016,11.2
P01TB4,12/2/16,12/2/16,"2,808,029,006.17","247,387,681.09",11.35072286,0.14,11/02/2011Ê-Ê12/02/2016,11.2
P01TB4,15/02/2016,15/02/2016,"2,801,608,271.46","246,797,768.08",11.35183796,0.15,16/02/2011Ê-Ê15/02/2016,11.19
P01TB4,16/02/2016,16/02/2016,"2,802,214,100.31","246,843,685.80",11.3521806,0.15,17/02/2011Ê-Ê16/02/2016,11.19
P01TB4,17/02/2016,17/02/2016,"2,822,211,474.85","248,597,718.52",11.35252363,0.16,17/02/2011Ê-Ê17/02/2016,11.19
P01TB4,18/02/2016,18/02/2016,"2,821,485,124.13","248,526,227.31",11.35286668,0.16,17/02/2011Ê-Ê18/02/2016,11.19
P01TB4,19/02/2016,19/02/2016,"2,821,582,208.46","248,527,269.33",11.35320971,0.16,17/02/2011Ê-Ê19/02/2016,11.2
P01TB4,23/02/2016,23/02/2016,"2,818,548,724.53","248,228,198.80",11.35466775,0.18,24/02/2011Ê-Ê23/02/2016,11.17
P01TB4,24/02/2016,24/02/2016,"2,816,713,968.25","248,059,114.70",11.35501097,0.18,25/02/2011Ê-Ê24/02/2016,11.17
P01TB4,25/02/2016,25/02/2016,"2,817,429,473.96","248,114,644.68",11.3553534,0.18,25/02/2011Ê-Ê25/02/2016,11.18
P01TB4,26/02/2016,26/02/2016,"2,839,481,633.24","250,049,098.41",11.35569635,0.18,25/02/2011Ê-Ê26/02/2016,11.18
P01TB4,29/02/2016,29/02/2016,"2,842,610,788.25","250,301,974.95",11.35672537,0.19,01/03/2011Ê-Ê29/02/2016,11.17
P01TB4,1/3/16,1/3/16,"2,842,818,614.58","250,312,728.84",11.35706773,0.2,02/03/2011Ê-Ê01/03/2016,11.17
P01TB4,2/3/16,2/3/16,"2,865,937,457.72","252,340,740.50",11.35741082,0.2,03/03/2011Ê-Ê02/03/2016,11.16
P01TB4,3/3/16,3/3/16,"2,866,737,904.75","252,401,689.20",11.35783962,0.2,04/03/2011Ê-Ê03/03/2016,11.16
P01TB4,4/3/16,4/3/16,"2,865,097,582.37","252,247,745.39",11.35826835,0.21,04/03/2011Ê-Ê04/03/2016,11.17
P01TB4,7/3/16,7/3/16,"2,867,968,846.22","252,477,661.68",11.3592974,0.22,08/03/2011Ê-Ê07/03/2016,11.16
P01TB4,8/3/16,8/3/16,"2,873,722,606.04","252,976,548.07",11.35964036,0.22,09/03/2011Ê-Ê08/03/2016,11.15
P01TB6,11/12/15,11/12/15,"711,369,479.72","31,733,720.54",22.41683192,-15.85,09/12/2010Ê-Ê11/12/2015,25.87
P01TB6,14/12/2015,14/12/2015,"708,304,392.53","31,737,678.86",22.31746045,-16.23,15/12/2010Ê-Ê14/12/2015,26.61
P01TB6,15/12/2015,15/12/2015,"728,343,041.62","31,777,697.93",22.91994352,-13.96,16/12/2010Ê-Ê15/12/2015,30.77
P01TB6,16/12/2015,16/12/2015,"727,659,127.72","31,767,472.55",22.90579229,-14.02,17/12/2010Ê-Ê16/12/2015,31.27
P01TB6,17/12/2015,17/12/2015,"732,427,069.08","31,765,500.87",23.05731215,-13.45,17/12/2010Ê-Ê17/12/2015,32.14
P01TB6,18/12/2015,18/12/2015,"712,511,182.85","31,761,167.17",22.43340678,-15.79,17/12/2010Ê-Ê18/12/2015,28.57
P01TB6,21/12/2015,21/12/2015,"697,925,865.65","31,744,836.10",21.9854928,-17.47,22/12/2010Ê-Ê21/12/2015,26.79
P01TB6,22/12/2015,22/12/2015,"697,187,561.81","31,741,053.93",21.96485231,-17.55,23/12/2010Ê-Ê22/12/2015,26.48
P01TB6,23/12/2015,23/12/2015,"705,402,125.42","31,747,771.81",22.21894909,-16.6,24/12/2010Ê-Ê23/12/2015,28.01
P01TB6,24/12/2015,24/12/2015,"710,546,193.52","31,741,387.14",22.3854802,-15.97,24/12/2010Ê-Ê24/12/2015,28.97
P01TB6,25/12/2015,25/12/2015,"709,238,140.42","31,740,488.87",22.34490286,-16.12,24/12/2010Ê-Ê25/12/2015,28.74
P01TB6,28/12/2015,28/12/2015,"709,704,802.57","31,767,265.64",22.34075827,-16.14,29/12/2010Ê-Ê28/12/2015,27.43
P01TB6,29/12/2015,29/12/2015,"714,631,266.93","32,120,535.93",22.24842289,-16.48,30/12/2010Ê-Ê29/12/2015,27.36
P01TB6,30/12/2015,30/12/2015,"718,154,303.22","32,241,270.72",22.27437962,-16.39,31/12/2010Ê-Ê30/12/2015,27.51
P01TB6,31/12/2015,31/12/2015,"719,988,075.76","32,323,593.48",22.27438221,-16.39,31/12/2010Ê-Ê31/12/2015,27.51
P01TB6,4/1/16,4/1/16,"704,119,346.30","32,323,593.48",21.78344888,-2.2,05/01/2011Ê-Ê04/01/2016,22.25
P01TB6,5/1/16,5/1/16,"693,804,990.67","32,271,011.53",21.4993258,-3.48,06/01/2011Ê-Ê05/01/2016,20.66
P01TB6,6/1/16,6/1/16,"697,281,725.34","32,254,435.77",21.61816534,-2.95,07/01/2011Ê-Ê06/01/2016,23.05
P01TB6,7/1/16,7/1/16,"670,139,812.99","32,237,814.97",20.78738319,-6.68,07/01/2011Ê-Ê07/01/2016,18.32
P01TB6,8/1/16,8/1/16,"685,161,486.14","32,207,347.92",21.2734525,-4.49,07/01/2011Ê-Ê08/01/2016,21.08
P01TB6,11/1/16,11/1/16,"675,364,128.74","32,112,188.48",21.03139526,-5.58,12/01/2011Ê-Ê11/01/2016,22.33
P01TB6,12/1/16,12/1/16,"690,367,459.17","32,106,567.59",21.50237509,-3.47,13/01/2011Ê-Ê12/01/2016,23.02
P01TB6,13/01/2016,13/01/2016,"703,953,570.62","32,097,448.58",21.93176099,-1.54,14/01/2011Ê-Ê13/01/2016,25.84
P01TB6,14/01/2016,14/01/2016,"690,889,640.27","32,078,015.91",21.53779218,-3.31,14/01/2011Ê-Ê14/01/2016,23.58
P01TB6,15/01/2016,15/01/2016,"678,926,791.39","32,079,184.67",21.16409125,-4.98,14/01/2011Ê-Ê15/01/2016,21.44
P01TB6,18/01/2016,18/01/2016,"677,016,907.73","32,074,491.89",21.10764248,-5.24,19/01/2011Ê-Ê18/01/2016,20.41
P01TB6,19/01/2016,19/01/2016,"695,172,329.76","32,064,295.24",21.68057413,-2.67,20/01/2011Ê-Ê19/01/2016,25.23
P01TB6,20/01/2016,20/01/2016,"682,429,629.07","32,030,052.14",21.30591689,-4.35,21/01/2011Ê-Ê20/01/2016,24.82
P01TB6,21/01/2016,21/01/2016,"682,538,851.65","32,029,773.18",21.30951249,-4.33,21/01/2011Ê-Ê21/01/2016,24.84
P01TB6,22/01/2016,22/01/2016,"704,807,379.65","32,312,363.33",21.8123129,-2.07,21/01/2011Ê-Ê22/01/2016,27.79
P01TB6,25/01/2016,25/01/2016,"705,772,592.56","32,309,364.03",21.84421185,-1.93,26/01/2011Ê-Ê25/01/2016,31.76
P01TB6,26/01/2016,26/01/2016,"707,220,451.46","32,359,430.82",21.85515732,-1.88,27/01/2011Ê-Ê26/01/2016,30.12
P01TB6,27/01/2016,27/01/2016,"718,725,106.10","32,489,616.85",22.12168612,-0.69,28/01/2011Ê-Ê27/01/2016,32.74
P01TB6,28/01/2016,28/01/2016,"732,601,036.05","32,515,390.40",22.53090081,1.15,28/01/2011Ê-Ê28/01/2016,35.2
P01TB6,29/01/2016,29/01/2016,"745,213,939.96","32,549,640.55",22.8946903,2.78,28/01/2011Ê-Ê29/01/2016,37.38
P01TB6,31/01/2016,31/01/2016,"748,207,235.93","32,680,382.63",22.8946902,2.78,01/02/2011Ê-Ê31/01/2016,39.5
P01TB6,1/2/16,1/2/16,"745,243,336.39","32,680,382.63",22.80399666,2.38,02/02/2011Ê-Ê01/02/2016,36.08
P01TB6,2/2/16,2/2/16,"735,257,441.49","32,702,856.35",22.48297316,0.94,03/02/2011Ê-Ê02/02/2016,33.91
P01TB6,3/2/16,3/2/16,"738,604,836.44","32,624,049.68",22.63988817,1.64,04/02/2011Ê-Ê03/02/2016,34.05
P01TB6,4/2/16,4/2/16,"744,275,307.26","32,672,883.49",22.77960277,2.27,04/02/2011Ê-Ê04/02/2016,34.88
P01TB6,5/2/16,5/2/16,"750,525,093.16","32,658,497.78",22.98100477,3.17,04/02/2011Ê-Ê05/02/2016,36.07
P01TB6,8/2/16,8/2/16,"748,838,421.16","32,644,075.82",22.93948909,2.99,09/02/2011Ê-Ê08/02/2016,39.5
P01TB6,9/2/16,9/2/16,"745,559,850.78","32,643,898.41",22.83917936,2.54,10/02/2011Ê-Ê09/02/2016,42.5
P01TB6,10/2/16,10/2/16,"747,112,476.04","32,656,095.66",22.87819352,2.71,11/02/2011Ê-Ê10/02/2016,42.71
P01TB6,11/2/16,11/2/16,"733,262,597.72","32,638,758.59",22.46600758,0.86,11/02/2011Ê-Ê11/02/2016,40.14
P01TB6,12/2/16,12/2/16,"730,590,827.31","32,485,239.50",22.489932,0.97,11/02/2011Ê-Ê12/02/2016,40.29
P01TB6,15/02/2016,15/02/2016,"738,811,777.70","32,443,840.66",22.77201967,2.23,16/02/2011Ê-Ê15/02/2016,35.86
P01TB6,16/02/2016,16/02/2016,"741,602,354.25","32,476,624.53",22.83495791,2.52,17/02/2011Ê-Ê16/02/2016,33.79
P01TB6,17/02/2016,17/02/2016,"743,598,706.40","32,472,214.04",22.89953822,2.81,17/02/2011Ê-Ê17/02/2016,34.17
P01TB6,18/02/2016,18/02/2016,"752,456,147.66","32,459,599.62",23.18131328,4.07,17/02/2011Ê-Ê18/02/2016,35.82
P01TB6,19/02/2016,19/02/2016,"773,223,787.43","32,458,242.12",23.82210917,6.95,17/02/2011Ê-Ê19/02/2016,39.57
P01TB6,23/02/2016,23/02/2016,"775,333,341.84","32,398,040.82",23.93148851,7.44,24/02/2011Ê-Ê23/02/2016,42.1
P01TB6,24/02/2016,24/02/2016,"778,708,810.34","32,407,379.96",24.02874935,7.88,25/02/2011Ê-Ê24/02/2016,41.29
P01TB6,25/02/2016,25/02/2016,"778,998,124.13","32,416,572.70",24.03086012,7.89,25/02/2011Ê-Ê25/02/2016,41.3
P01TB6,26/02/2016,26/02/2016,"786,744,244.65","32,506,454.74",24.20270839,8.66,25/02/2011Ê-Ê26/02/2016,42.31
P01TB6,29/02/2016,29/02/2016,"780,105,454.84","32,598,727.28",23.93054944,7.44,01/03/2011Ê-Ê29/02/2016,39.3
P01TB6,1/3/16,1/3/16,"798,281,146.43","32,750,487.07",24.37463433,9.43,02/03/2011Ê-Ê01/03/2016,43.4
P01TB6,2/3/16,2/3/16,"787,521,372.69","31,769,775.57",24.78838326,11.29,03/03/2011Ê-Ê02/03/2016,45.73
P01TB6,3/3/16,3/3/16,"800,151,788.91","31,790,493.61",25.1695302,13,04/03/2011Ê-Ê03/03/2016,47.11
P01TB6,4/3/16,4/3/16,"798,683,938.79","31,788,162.66",25.12519982,12.8,04/03/2011Ê-Ê04/03/2016,46.85
P01TB6,7/3/16,7/3/16,"810,277,099.52","31,705,954.35",25.55599149,14.73,08/03/2011Ê-Ê07/03/2016,44.98
P01TB6,8/3/16,8/3/16,"817,659,489.01","32,631,035.69",25.05772408,12.5,09/03/2011Ê-Ê08/03/2016,42.47
P01TB7,11/12/15,9/12/15,"51,065,614.89","4,580,558.58",11.14833793,-3.72,09/12/2010Ê-Ê09/12/2015,-14.18
P01TB7,14/12/2015,11/12/15,"51,162,511.41","4,556,348.43",11.22884086,-3.03,09/12/2010Ê-Ê11/12/2015,-13.56
P01TB7,15/12/2015,14/12/2015,"50,421,795.55","4,539,599.75",11.10710159,-4.08,15/12/2010Ê-Ê14/12/2015,-14.1
P01TB7,16/12/2015,15/12/2015,"50,067,125.40","4,534,598.81",11.04113672,-4.65,16/12/2010Ê-Ê15/12/2015,-14.1
P01TB7,17/12/2015,16/12/2015,"50,804,924.37","4,534,598.81",11.20384108,-3.24,17/12/2010Ê-Ê16/12/2015,-13.15
P01TB7,18/12/2015,17/12/2015,"49,689,138.32","4,534,598.81",10.95778049,-5.37,17/12/2010Ê-Ê17/12/2015,-15.06
P01TB7,21/12/2015,18/12/2015,"50,560,661.11","4,534,214.43",11.15091971,-3.7,17/12/2010Ê-Ê18/12/2015,-13.56
P01TB7,22/12/2015,21/12/2015,"51,071,686.16","4,534,214.43",11.26362392,-2.73,22/12/2010Ê-Ê21/12/2015,-13.39
P01TB7,23/12/2015,22/12/2015,"50,707,900.54","4,534,214.43",11.18339269,-3.42,23/12/2010Ê-Ê22/12/2015,-13.74
P01TB7,24/12/2015,23/12/2015,"50,563,255.09","4,534,529.92",11.15071595,-3.7,24/12/2010Ê-Ê23/12/2015,-13.98
P01TB7,25/12/2015,24/12/2015,"50,906,857.95","4,531,798.57",11.23325699,-2.99,24/12/2010Ê-Ê24/12/2015,-13.34
P01TB7,28/12/2015,25/12/2015,"50,631,904.90","4,511,168.59",11.22367828,-3.07,24/12/2010Ê-Ê25/12/2015,-13.41
P01TB7,29/12/2015,28/12/2015,"50,330,035.75","4,511,168.59",11.15676232,-3.65,29/12/2010Ê-Ê28/12/2015,-15.85
P01TB7,30/12/2015,29/12/2015,"50,508,209.62","4,530,366.31",11.14881363,-3.72,30/12/2010Ê-Ê29/12/2015,-15.44
P01TB7,31/12/2015,31/12/2015,"50,191,499.22","4,547,792.93",11.03645219,-4.69,31/12/2010Ê-Ê31/12/2015,-16.3
P01TB7,4/1/16,30/12/2015,"50,176,279.31","4,546,415.25",11.03644883,-4.69,31/12/2010Ê-Ê30/12/2015,-16.3
P01TB7,5/1/16,4/1/16,"51,116,803.12","4,547,792.93",11.23991437,1.84,05/01/2011Ê-Ê04/01/2016,-12.98
P01TB7,6/1/16,5/1/16,"50,961,106.01","4,526,389.92",11.2586646,2.01,06/01/2011Ê-Ê05/01/2016,-12.69
P01TB7,7/1/16,6/1/16,"51,819,032.68","4,526,389.92",11.44820343,3.73,07/01/2011Ê-Ê06/01/2016,-11.41
P01TB7,8/1/16,7/1/16,"52,645,201.68","4,528,631.04",11.62497038,5.33,07/01/2011Ê-Ê07/01/2016,-10.04
P01TB7,11/1/16,8/1/16,"52,468,916.65","4,528,631.04",11.5860436,4.98,07/01/2011Ê-Ê08/01/2016,-10.34
P01TB7,12/1/16,11/1/16,"51,955,743.08","4,529,783.67",11.4698067,3.93,12/01/2011Ê-Ê11/01/2016,-12.65
P01TB7,13/01/2016,12/1/16,"51,933,904.12","4,539,710.62",11.43991511,3.66,13/01/2011Ê-Ê12/01/2016,-12.1
P01TB7,14/01/2016,13/01/2016,"52,042,154.51","4,539,710.62",11.46376033,3.87,14/01/2011Ê-Ê13/01/2016,-11.03
P01TB7,15/01/2016,14/01/2016,"51,258,187.66","4,539,710.62",11.2910694,2.31,14/01/2011Ê-Ê14/01/2016,-12.37
P01TB7,18/01/2016,15/01/2016,"51,697,583.92","4,526,335.49",11.42150952,3.49,14/01/2011Ê-Ê15/01/2016,-11.36
P01TB7,19/01/2016,18/01/2016,"51,622,862.31","4,526,335.49",11.40500133,3.34,19/01/2011Ê-Ê18/01/2016,-12.2
P01TB7,20/01/2016,19/01/2016,"51,557,980.50","4,526,335.49",11.39066704,3.21,20/01/2011Ê-Ê19/01/2016,-10.89
P01TB7,21/01/2016,20/01/2016,"51,897,062.21","4,494,002.14",11.54807243,4.64,21/01/2011Ê-Ê20/01/2016,-9.86
P01TB7,22/01/2016,21/01/2016,"51,911,411.36","4,494,002.14",11.55126539,4.66,21/01/2011Ê-Ê21/01/2016,-9.84
P01TB7,25/01/2016,22/01/2016,"51,333,585.57","4,495,615.85",11.41858809,3.46,21/01/2011Ê-Ê22/01/2016,-10.87
P01TB7,26/01/2016,25/01/2016,"51,853,698.91","4,495,615.85",11.53428155,4.51,26/01/2011Ê-Ê25/01/2016,-10.61
P01TB7,27/01/2016,26/01/2016,"52,379,627.29","4,496,691.90",11.64848036,5.55,27/01/2011Ê-Ê26/01/2016,-7.44
P01TB7,28/01/2016,27/01/2016,"52,661,144.29","4,523,075.52",11.6427736,5.49,28/01/2011Ê-Ê27/01/2016,-9.82
P01TB7,29/01/2016,28/01/2016,"52,042,727.04","4,518,044.94",11.51885999,4.37,28/01/2011Ê-Ê28/01/2016,-10.78
P01TB7,31/01/2016,31/01/2016,"52,161,475.73","4,525,062.71",11.52723821,4.45,01/02/2011Ê-Ê31/01/2016,-10.6
P01TB7,1/2/16,29/01/2016,"52,099,067.17","4,519,657.41",11.52721598,4.45,28/01/2011Ê-Ê29/01/2016,-10.72
P01TB7,2/2/16,1/2/16,"52,555,782.46","4,525,062.71",11.61437661,5.24,02/02/2011Ê-Ê01/02/2016,-9.47
P01TB7,3/2/16,2/2/16,"52,689,141.11","4,524,872.96",11.644336,5.51,03/02/2011Ê-Ê02/02/2016,-10.43
P01TB7,4/2/16,3/2/16,"53,395,948.54","4,524,516.76",11.80146994,6.93,04/02/2011Ê-Ê03/02/2016,-8.67
P01TB7,5/2/16,4/2/16,"53,637,901.63","4,517,557.12",11.8732094,7.58,04/02/2011Ê-Ê04/02/2016,-8.12
P01TB7,8/2/16,5/2/16,"52,514,526.27","4,365,444.07",12.02959549,9,04/02/2011Ê-Ê05/02/2016,-6.9
P01TB7,9/2/16,8/2/16,"53,282,502.06","4,369,908.52",12.19304747,10.48,09/02/2011Ê-Ê08/02/2016,-6.44
P01TB7,10/2/16,9/2/16,"53,103,927.32","4,369,920.13",12.15215055,10.11,10/02/2011Ê-Ê09/02/2016,-6.64
P01TB7,11/2/16,10/2/16,"53,339,858.91","4,370,618.92",12.2041889,10.58,11/02/2011Ê-Ê10/02/2016,-6.17
P01TB7,12/2/16,11/2/16,"55,283,785.70","4,370,618.92",12.64896041,14.61,11/02/2011Ê-Ê11/02/2016,-2.75
P01TB7,15/02/2016,12/2/16,"55,502,107.02","4,370,578.92",12.69902866,15.06,11/02/2011Ê-Ê12/02/2016,-2.37
P01TB7,16/02/2016,15/02/2016,"55,542,339.98","4,370,473.81",12.70853971,15.15,16/02/2011Ê-Ê15/02/2016,-3.01
P01TB7,17/02/2016,16/02/2016,"53,867,774.27","4,370,473.81",12.32538544,11.68,17/02/2011Ê-Ê16/02/2016,-6.48
P01TB7,18/02/2016,17/02/2016,"54,247,721.54","4,373,290.52",12.40432604,12.39,17/02/2011Ê-Ê17/02/2016,-5.88
P01TB7,19/02/2016,18/02/2016,"55,451,613.03","4,371,490.36",12.68483023,14.94,17/02/2011Ê-Ê18/02/2016,-3.75
P01TB7,23/02/2016,19/02/2016,"55,323,577.66","4,371,792.44",12.65466703,14.66,17/02/2011Ê-Ê19/02/2016,-3.98
P01TB7,24/02/2016,23/02/2016,"55,195,274.53","4,371,792.44",12.62531908,14.4,24/02/2011Ê-Ê23/02/2016,-5.29
P01TB7,25/02/2016,24/02/2016,"55,413,033.57","4,378,438.39",12.65588977,14.67,25/02/2011Ê-Ê24/02/2016,-5.63
P01TB7,26/02/2016,25/02/2016,"55,512,440.24","4,378,654.15",12.67796869,14.87,25/02/2011Ê-Ê25/02/2016,-5.46
P01TB7,29/02/2016,26/02/2016,"55,107,362.08","4,377,832.49",12.58781879,14.06,25/02/2011Ê-Ê26/02/2016,-6.13
P01TB7,1/3/16,29/02/2016,"55,912,992.16","4,385,456.49",12.74964017,15.52,01/03/2011Ê-Ê29/02/2016,-6.62
P01TB7,2/3/16,1/3/16,"55,536,700.18","4,394,083.08",12.63897363,14.52,02/03/2011Ê-Ê01/03/2016,-7.2
P01TB7,3/3/16,2/3/16,"54,670,623.88","4,296,346.08",12.72491155,15.3,03/03/2011Ê-Ê02/03/2016,-5.25
P01TB7,4/3/16,3/3/16,"55,480,373.00","4,296,149.92",12.91397507,17.01,04/03/2011Ê-Ê03/03/2016,-4.63
P01TB7,7/3/16,4/3/16,"55,115,376.55","4,284,316.47",12.86445037,16.56,04/03/2011Ê-Ê04/03/2016,-4.99
P01TB7,8/3/16,7/3/16,"55,385,855.32","4,284,548.43",12.92688279,17.13,08/03/2011Ê-Ê07/03/2016,-4.09
P01TB8,11/12/15,11/12/15,"1,254,558,869.77","108,138,465.43",11.60141181,1.71,09/12/2010Ê-Ê11/12/2015,15.48
P01TB8,14/12/2015,14/12/2015,"1,253,900,285.04","108,073,182.09",11.60232595,1.72,15/12/2010Ê-Ê14/12/2015,15.46
P01TB8,15/12/2015,15/12/2015,"1,260,891,947.58","108,667,225.75",11.60324043,1.73,16/12/2010Ê-Ê15/12/2015,15.47
P01TB8,16/12/2015,16/12/2015,"1,258,950,326.74","108,496,089.56",11.60364702,1.73,17/12/2010Ê-Ê16/12/2015,15.47
P01TB8,17/12/2015,17/12/2015,"1,259,168,370.91","108,508,227.76",11.60435846,1.74,17/12/2010Ê-Ê17/12/2015,15.47
P01TB8,18/12/2015,18/12/2015,"1,259,030,237.06","108,490,624.24",11.60496813,1.74,17/12/2010Ê-Ê18/12/2015,15.48
P01TB8,21/12/2015,21/12/2015,"1,258,970,935.70","108,474,116.62",11.60618749,1.75,22/12/2010Ê-Ê21/12/2015,15.47
P01TB8,22/12/2015,22/12/2015,"1,258,639,983.74","108,438,956.06",11.60689875,1.76,23/12/2010Ê-Ê22/12/2015,15.47
P01TB8,23/12/2015,23/12/2015,"1,258,476,373.85","108,420,115.99",11.60740664,1.76,24/12/2010Ê-Ê23/12/2015,15.47
P01TB8,24/12/2015,24/12/2015,"1,260,218,235.90","108,564,478.79",11.60801627,1.77,24/12/2010Ê-Ê24/12/2015,15.47
P01TB8,25/12/2015,25/12/2015,"1,257,668,161.26","108,340,054.85",11.60852432,1.77,24/12/2010Ê-Ê25/12/2015,15.48
P01TB8,28/12/2015,28/12/2015,"1,258,952,920.33","108,440,292.07",11.60964155,1.78,29/12/2010Ê-Ê28/12/2015,15.47
P01TB8,29/12/2015,29/12/2015,"1,268,590,730.14","109,263,759.17",11.61035223,1.79,30/12/2010Ê-Ê29/12/2015,15.47
P01TB8,30/12/2015,30/12/2015,"1,276,597,849.53","109,949,565.08",11.61075852,1.79,31/12/2010Ê-Ê30/12/2015,15.47
P01TB8,31/12/2015,31/12/2015,"1,279,493,724.84","110,198,977.16",11.61075863,1.79,31/12/2010Ê-Ê31/12/2015,15.47
P01TB8,4/1/16,4/1/16,"1,279,762,495.89","110,198,977.16",11.61319759,0.02,05/01/2011Ê-Ê04/01/2016,15.47
P01TB8,5/1/16,5/1/16,"1,266,014,127.58","109,011,292.63",11.61360532,0.02,06/01/2011Ê-Ê05/01/2016,15.46
P01TB8,6/1/16,6/1/16,"1,265,358,347.19","108,951,001.48",11.614013,0.03,07/01/2011Ê-Ê06/01/2016,15.46
P01TB8,7/1/16,7/1/16,"1,265,662,997.85","108,974,372.79",11.6143178,0.03,07/01/2011Ê-Ê07/01/2016,15.47
P01TB8,8/1/16,8/1/16,"1,259,433,035.39","108,433,220.21",11.61482646,0.04,07/01/2011Ê-Ê08/01/2016,15.47
P01TB8,11/1/16,11/1/16,"1,258,675,851.62","108,356,636.01",11.61604769,0.05,12/01/2011Ê-Ê11/01/2016,13.04
P01TB8,12/1/16,12/1/16,"1,257,482,386.42","108,250,104.15",11.61645429,0.05,13/01/2011Ê-Ê12/01/2016,13.04
P01TB8,13/01/2016,13/01/2016,"1,257,469,788.62","108,244,284.92",11.61696241,0.05,14/01/2011Ê-Ê13/01/2016,13.04
P01TB8,14/01/2016,14/01/2016,"1,252,675,861.16","107,827,842.01",11.6173693,0.06,14/01/2011Ê-Ê14/01/2016,13.04
P01TB8,15/01/2016,15/01/2016,"1,252,801,758.96","107,829,149.63",11.61839598,0.07,14/01/2011Ê-Ê15/01/2016,13.05
P01TB8,18/01/2016,18/01/2016,"1,251,824,490.30","107,730,893.95",11.61992112,0.08,19/01/2011Ê-Ê18/01/2016,13.04
P01TB8,19/01/2016,19/01/2016,"1,251,401,595.10","107,692,614.83",11.62012453,0.08,20/01/2011Ê-Ê19/01/2016,13.04
P01TB8,20/01/2016,20/01/2016,"1,250,982,433.09","107,651,834.61",11.62063273,0.09,21/01/2011Ê-Ê20/01/2016,13.04
P01TB8,21/01/2016,21/01/2016,"1,251,839,253.88","107,720,863.87",11.62114013,0.09,21/01/2011Ê-Ê21/01/2016,13.04
P01TB8,22/01/2016,22/01/2016,"1,260,766,362.98","108,484,301.22",11.62164801,0.09,21/01/2011Ê-Ê22/01/2016,13.05
P01TB8,25/01/2016,25/01/2016,"1,262,325,664.80","108,606,133.89",11.62296842,0.11,26/01/2011Ê-Ê25/01/2016,13.03
P01TB8,26/01/2016,26/01/2016,"1,268,698,970.13","109,150,655.61",11.62337471,0.11,27/01/2011Ê-Ê26/01/2016,13.03
P01TB8,27/01/2016,27/01/2016,"1,270,095,048.37","109,265,990.13",11.62388266,0.11,28/01/2011Ê-Ê27/01/2016,13.03
P01TB8,28/01/2016,28/01/2016,"1,271,507,758.19","109,383,702.63",11.62428888,0.12,28/01/2011Ê-Ê28/01/2016,13.04
P01TB8,29/01/2016,29/01/2016,"1,274,501,386.56","109,640,280.06",11.6243901,0.12,28/01/2011Ê-Ê29/01/2016,13.04
P01TB8,31/01/2016,31/01/2016,"1,278,476,023.74","109,982,202.10",11.62439012,0.12,01/02/2011Ê-Ê31/01/2016,13.02
P01TB8,1/2/16,1/2/16,"1,278,643,622.98","109,982,202.10",11.625914,0.13,02/02/2011Ê-Ê01/02/2016,13.03
P01TB8,2/2/16,2/2/16,"1,281,545,870.27","110,227,983.45",11.62632056,0.13,03/02/2011Ê-Ê02/02/2016,13.02
P01TB8,3/2/16,3/2/16,"1,281,993,907.79","110,262,664.33",11.6267271,0.14,04/02/2011Ê-Ê03/02/2016,13.02
P01TB8,4/2/16,4/2/16,"1,282,412,710.93","110,294,830.68",11.62713341,0.14,04/02/2011Ê-Ê04/02/2016,13.02
P01TB8,5/2/16,5/2/16,"1,279,503,071.92","110,040,733.91",11.62754033,0.14,04/02/2011Ê-Ê05/02/2016,13.03
P01TB8,8/2/16,8/2/16,"1,279,494,889.10","110,027,517.37",11.62886267,0.16,09/02/2011Ê-Ê08/02/2016,13.01
P01TB8,9/2/16,9/2/16,"1,280,034,051.40","110,069,068.55",11.62937116,0.16,10/02/2011Ê-Ê09/02/2016,13.01
P01TB8,10/2/16,10/2/16,"1,280,278,592.46","110,086,246.60",11.62977785,0.16,11/02/2011Ê-Ê10/02/2016,13.01
P01TB8,11/2/16,11/2/16,"1,282,840,714.43","110,301,735.95",11.63028581,0.17,11/02/2011Ê-Ê11/02/2016,13.02
P01TB8,12/2/16,12/2/16,"1,284,163,003.47","110,411,571.95",11.63069215,0.17,11/02/2011Ê-Ê12/02/2016,13.02
P01TB8,15/02/2016,15/02/2016,"1,281,633,539.61","110,186,387.76",11.63150518,0.18,16/02/2011Ê-Ê15/02/2016,13
P01TB8,16/02/2016,16/02/2016,"1,286,032,844.27","110,561,709.86",11.63181038,0.18,17/02/2011Ê-Ê16/02/2016,13
P01TB8,17/02/2016,17/02/2016,"1,286,409,623.18","110,589,268.68",11.63231875,0.19,17/02/2011Ê-Ê17/02/2016,13
P01TB8,18/02/2016,18/02/2016,"1,287,268,943.82","110,660,242.62",11.63262354,0.19,17/02/2011Ê-Ê18/02/2016,13.01
P01TB8,19/02/2016,19/02/2016,"1,287,947,439.42","110,713,734.51",11.63313156,0.19,17/02/2011Ê-Ê19/02/2016,13.01
P01TB8,23/02/2016,23/02/2016,"1,288,312,729.08","110,730,626.84",11.63465579,0.21,24/02/2011Ê-Ê23/02/2016,12.99
P01TB8,24/02/2016,24/02/2016,"1,288,282,457.76","110,725,129.12",11.63496009,0.21,25/02/2011Ê-Ê24/02/2016,12.99
P01TB8,25/02/2016,25/02/2016,"1,294,778,882.73","111,279,595.38",11.63536656,0.21,25/02/2011Ê-Ê25/02/2016,12.99
P01TB8,26/02/2016,26/02/2016,"1,295,133,654.34","111,304,259.95",11.63597561,0.22,25/02/2011Ê-Ê26/02/2016,13
P01TB8,29/02/2016,29/02/2016,"1,303,727,588.33","112,030,110.92",11.63729624,0.23,01/03/2011Ê-Ê29/02/2016,12.98
P01TB8,1/3/16,1/3/16,"1,309,748,727.08","112,543,585.88",11.63770211,0.23,02/03/2011Ê-Ê01/03/2016,12.98
P01TB8,2/3/16,2/3/16,"1,312,667,444.24","112,788,472.08",11.63831214,0.24,03/03/2011Ê-Ê02/03/2016,12.98
P01TB8,3/3/16,3/3/16,"1,312,809,650.90","112,796,748.28",11.63871894,0.24,04/03/2011Ê-Ê03/03/2016,12.98
P01TB8,4/3/16,4/3/16,"1,313,774,234.89","112,874,698.19",11.639227,0.25,04/03/2011Ê-Ê04/03/2016,12.99
P01TB8,7/3/16,7/3/16,"1,313,423,111.00","112,832,711.64",11.64044621,0.26,08/03/2011Ê-Ê07/03/2016,12.97
P01TB8,8/3/16,8/3/16,"1,316,198,983.47","113,067,230.48",11.64085277,0.26,09/03/2011Ê-Ê08/03/2016,12.97
P01TB9,11/12/15,11/12/15,"581,055,557.49","49,800,828.67",11.66758813,2.66,09/12/2010Ê-Ê11/12/2015,16.05
P01TB9,14/12/2015,14/12/2015,"581,717,971.44","49,852,106.04",11.66887455,2.67,15/12/2010Ê-Ê14/12/2015,16.09
P01TB9,15/12/2015,15/12/2015,"581,865,204.07","49,857,535.56",11.67055687,2.69,16/12/2010Ê-Ê15/12/2015,16.13
P01TB9,16/12/2015,16/12/2015,"581,664,267.75","49,838,627.94",11.67095267,2.69,17/12/2010Ê-Ê16/12/2015,16.13
P01TB9,17/12/2015,17/12/2015,"581,755,240.21","49,848,113.28",11.67055686,2.69,17/12/2010Ê-Ê17/12/2015,16.12
P01TB9,18/12/2015,18/12/2015,"578,264,468.03","49,545,223.02",11.67144747,2.69,17/12/2010Ê-Ê18/12/2015,16.13
P01TB9,21/12/2015,21/12/2015,"577,936,778.58","49,512,106.19",11.67263571,2.7,22/12/2010Ê-Ê21/12/2015,16.08
P01TB9,22/12/2015,22/12/2015,"578,012,480.42","49,513,974.23",11.67372423,2.71,23/12/2010Ê-Ê22/12/2015,16.08
P01TB9,23/12/2015,23/12/2015,"578,072,410.96","49,514,910.75",11.67471378,2.72,24/12/2010Ê-Ê23/12/2015,16.08
P01TB9,24/12/2015,24/12/2015,"578,184,138.72","49,519,024.77",11.67600011,2.73,24/12/2010Ê-Ê24/12/2015,16.09
P01TB9,25/12/2015,25/12/2015,"578,783,678.07","49,567,013.28",11.67679147,2.74,24/12/2010Ê-Ê25/12/2015,16.1
P01TB9,28/12/2015,28/12/2015,"580,597,282.81","49,712,642.24",11.67906707,2.76,29/12/2010Ê-Ê28/12/2015,16.09
P01TB9,29/12/2015,29/12/2015,"582,070,778.58","49,826,567.50",11.68193612,2.79,30/12/2010Ê-Ê29/12/2015,16.12
P01TB9,30/12/2015,30/12/2015,"585,889,086.98","50,147,052.48",11.68342022,2.8,31/12/2010Ê-Ê30/12/2015,16.14
P01TB9,31/12/2015,31/12/2015,"587,241,698.91","50,262,824.25",11.68342025,2.8,31/12/2010Ê-Ê31/12/2015,16.14
P01TB9,4/1/16,4/1/16,"587,226,776.60","50,262,824.25",11.68312337,0,05/01/2011Ê-Ê04/01/2016,16.11
P01TB9,5/1/16,5/1/16,"575,444,459.23","49,254,334.62",11.68312319,0,06/01/2011Ê-Ê05/01/2016,16.12
P01TB9,6/1/16,6/1/16,"576,967,282.34","49,383,831.51",11.68332356,0,07/01/2011Ê-Ê06/01/2016,16.11
P01TB9,7/1/16,7/1/16,"575,554,270.98","49,255,796.64",11.68500583,0.01,07/01/2011Ê-Ê07/01/2016,16.13
P01TB9,8/1/16,8/1/16,"575,062,953.98","49,208,334.36",11.68629179,0.02,07/01/2011Ê-Ê08/01/2016,16.14
P01TB9,11/1/16,11/1/16,"575,548,775.88","49,240,315.60",11.68856797,0.04,12/01/2011Ê-Ê11/01/2016,16.48
P01TB9,12/1/16,12/1/16,"575,525,578.93","49,233,329.97",11.68975528,0.05,13/01/2011Ê-Ê12/01/2016,16.48
P01TB9,13/01/2016,13/01/2016,"576,965,809.88","49,347,344.23",11.69193234,0.07,14/01/2011Ê-Ê13/01/2016,16.48
P01TB9,14/01/2016,14/01/2016,"577,476,681.73","49,375,994.15",11.69549478,0.1,14/01/2011Ê-Ê14/01/2016,16.52
P01TB9,15/01/2016,15/01/2016,"578,052,133.86","49,381,252.73",11.70590258,0.19,14/01/2011Ê-Ê15/01/2016,16.62
P01TB9,18/01/2016,18/01/2016,"576,001,586.05","49,184,875.61",11.71094933,0.24,19/01/2011Ê-Ê18/01/2016,16.66
P01TB9,19/01/2016,19/01/2016,"575,479,954.89","49,145,731.60",11.709663,0.22,20/01/2011Ê-Ê19/01/2016,16.64
P01TB9,20/01/2016,20/01/2016,"576,072,690.93","49,184,296.61",11.71253287,0.25,21/01/2011Ê-Ê20/01/2016,16.67
P01TB9,21/01/2016,21/01/2016,"574,889,896.77","49,082,075.13",11.71282785,0.25,21/01/2011Ê-Ê21/01/2016,16.67
P01TB9,22/01/2016,22/01/2016,"585,029,359.38","49,942,678.76",11.71401643,0.26,21/01/2011Ê-Ê22/01/2016,16.68
P01TB9,25/01/2016,25/01/2016,"585,808,987.87","50,005,850.28",11.71480906,0.27,26/01/2011Ê-Ê25/01/2016,16.71
P01TB9,26/01/2016,26/01/2016,"586,117,391.89","50,026,684.69",11.71609503,0.28,27/01/2011Ê-Ê26/01/2016,16.7
P01TB9,27/01/2016,27/01/2016,"588,920,693.52","50,268,925.73",11.71540241,0.27,28/01/2011Ê-Ê27/01/2016,16.7
P01TB9,28/01/2016,28/01/2016,"589,639,878.60","50,330,315.65",11.71540196,0.27,28/01/2011Ê-Ê28/01/2016,16.7
P01TB9,29/01/2016,29/01/2016,"592,306,593.62","50,571,609.23",11.71223543,0.25,28/01/2011Ê-Ê29/01/2016,16.67
P01TB9,31/01/2016,31/01/2016,"593,021,946.73","50,632,686.43",11.71223549,0.25,01/02/2011Ê-Ê31/01/2016,16.64
P01TB9,1/2/16,1/2/16,"593,087,069.42","50,632,686.43",11.71352166,0.26,02/02/2011Ê-Ê01/02/2016,16.65
P01TB9,2/2/16,2/2/16,"594,431,704.78","50,747,051.39",11.71362056,0.26,03/02/2011Ê-Ê02/02/2016,16.64
P01TB9,3/2/16,3/2/16,"595,360,684.73","50,824,641.57",11.7140164,0.26,04/02/2011Ê-Ê03/02/2016,16.64
P01TB9,4/2/16,4/2/16,"595,949,675.26","50,875,782.33",11.7138184,0.26,04/02/2011Ê-Ê04/02/2016,16.64
P01TB9,5/2/16,5/2/16,"590,028,056.97","50,367,705.08",11.71441216,0.27,04/02/2011Ê-Ê05/02/2016,16.64
P01TB9,8/2/16,8/2/16,"590,155,977.91","50,374,789.16",11.71530418,0.27,09/02/2011Ê-Ê08/02/2016,16.63
P01TB9,9/2/16,9/2/16,"590,356,815.42","50,370,653.06",11.72025335,0.32,10/02/2011Ê-Ê09/02/2016,16.69
P01TB9,10/2/16,10/2/16,"590,183,147.27","50,347,752.76",11.72213485,0.33,11/02/2011Ê-Ê10/02/2016,16.7
P01TB9,11/2/16,11/2/16,"590,268,258.85","50,340,567.48",11.72549871,0.36,11/02/2011Ê-Ê11/02/2016,16.73
P01TB9,12/2/16,12/2/16,"593,976,934.59","50,664,126.26",11.7238168,0.35,11/02/2011Ê-Ê12/02/2016,16.72
P01TB9,15/02/2016,15/02/2016,"590,301,775.68","50,354,050.41",11.72302468,0.34,16/02/2011Ê-Ê15/02/2016,16.71
P01TB9,16/02/2016,16/02/2016,"593,905,835.89","50,648,654.53",11.72599433,0.36,17/02/2011Ê-Ê16/02/2016,16.74
P01TB9,17/02/2016,17/02/2016,"594,262,922.94","50,668,842.24",11.72836988,0.38,17/02/2011Ê-Ê17/02/2016,16.76
P01TB9,18/02/2016,18/02/2016,"595,014,233.92","50,731,617.70",11.72866668,0.39,17/02/2011Ê-Ê18/02/2016,16.76
P01TB9,19/02/2016,19/02/2016,"594,720,198.45","50,700,559.08",11.73005208,0.4,17/02/2011Ê-Ê19/02/2016,16.78
P01TB9,23/02/2016,23/02/2016,"594,565,995.69","50,682,281.69",11.73123971,0.41,24/02/2011Ê-Ê23/02/2016,16.74
P01TB9,24/02/2016,24/02/2016,"593,111,891.03","50,561,315.45",11.73054707,0.4,25/02/2011Ê-Ê24/02/2016,16.73
P01TB9,25/02/2016,25/02/2016,"592,084,572.58","50,481,403.02",11.72876618,0.39,25/02/2011Ê-Ê25/02/2016,16.71
P01TB9,26/02/2016,26/02/2016,"592,006,683.30","50,468,376.37",11.73025023,0.4,25/02/2011Ê-Ê26/02/2016,16.73
P01TB9,29/02/2016,29/02/2016,"594,758,457.92","50,696,977.14",11.73163552,0.41,01/03/2011Ê-Ê29/02/2016,16.73
P01TB9,1/3/16,1/3/16,"595,744,330.93","50,774,591.84",11.73311905,0.43,02/03/2011Ê-Ê01/03/2016,16.74
P01TB9,2/3/16,2/3/16,"599,077,910.14","51,049,238.26",11.73529578,0.44,03/03/2011Ê-Ê02/03/2016,16.76
P01TB9,3/3/16,3/3/16,"599,960,029.70","51,111,046.36",11.73836328,0.47,04/03/2011Ê-Ê03/03/2016,16.78
P01TB9,4/3/16,4/3/16,"602,094,504.06","51,283,373.59",11.7405401,0.49,04/03/2011Ê-Ê04/03/2016,16.8
P01TB9,7/3/16,7/3/16,"602,471,925.26","51,303,412.98",11.74331083,0.51,08/03/2011Ê-Ê07/03/2016,16.78
P01TB9,8/3/16,8/3/16,"602,727,087.29","51,319,090.40",11.74469545,0.52,09/03/2011Ê-Ê08/03/2016,16.78